date,cat,rank,asin,brand
2026-10-09,beauty,1,B09V7Z4TJG,medicube
2026-10-09,beauty,2,B0B2RM68G2,BIODANCE
2026-10-09,beauty,3,B0GHMZXX8Y,medicube
2026-10-09,beauty,4,B0DWFLY18Y,Anua
2026-10-09,beauty,8,B0DGTMR754,medicube
2026-10-09,beauty,10,B0DGPSZVW3,medicube
2026-10-09,beauty,14,B0DBF65JYY,medicube
2026-10-09,beauty,15,B0FVT77ZLL,Anua
2026-10-09,beauty,18,B0GD6R7CFJ,BIODANCE
2026-10-09,beauty,19,B0DYTQ5GYQ,medicube
2026-10-09,beauty,20,B0DG1DQ2S7,Anua
2026-10-09,beauty,21,B07XXPHQZK,Laneige
2026-10-09,beauty,22,B077RTL1HJ,Illiyoon
2026-10-09,beauty,23,B0DSLXS4G9,Laneige
2026-10-09,beauty,24,B0BRMYHMS5,medicube
2026-10-09,beauty,26,B0G38FGSKL,medicube
2026-10-09,beauty,33,B0GVQ6NYR3,medicube
2026-10-09,beauty,35,B0DK4Y2YP3,celimax
2026-10-09,beauty,38,B0D16L5F2M,medicube
2026-10-09,beauty,40,B0D2Z3GGCY,medicube
2026-10-09,beauty,42,B0FKGJYFC8,Dr.Althea
2026-10-09,beauty,44,B07DY2QRF6,Laneige
2026-10-09,beauty,49,B0GCC2JV65,medicube
2026-10-09,beauty,55,B0FXH5LHN8,SKIN1004
2026-10-09,beauty,57,B0DWMSM6Y9,medicube
2026-10-09,beauty,58,B0DFY92NDB,Centellian24
2026-10-09,beauty,59,B0B45LL4DD,Beauty of Joseon
2026-10-09,beauty,60,B00PBX3L7K,COSRX
2026-10-09,beauty,61,B0BFQ9RD5B,d'Alba
2026-10-09,beauty,63,B0GKFD9ZQW,Anua
2026-10-09,beauty,67,B0FGQ3J31K,eqqualberry
2026-10-09,beauty,76,B0DG4WXBCF,Meditherapy
2026-10-09,beauty,79,B0CLLV2T1P,Anua
2026-10-09,beauty,94,B081JHTPKP,Mise en scène
2026-10-09,beauty,97,B01CVXSPBO,Abib
2026-10-09,3761351,2,B07XXPHQZK,Laneige
2026-10-09,3761351,3,B07DY2QRF6,Laneige
2026-10-09,3761351,6,B0BWX6NZLT,Nooni
2026-10-09,3761351,29,B0FLPNFD5L,Illiyoon
2026-10-09,3761351,30,B0FWCF61VF,Anua
2026-10-09,3761351,39,B0CKV7JNFX,Nature Republic
2026-10-09,3761351,62,B0CZXG68J4,CNP
2026-10-09,3761351,73,B0GKNKLZ7K,Haruharu Wonder
2026-10-09,3761351,77,B0B9HPYZJH,Laneige
2026-10-09,3761351,84,B0DTYWQ359,medicube
2026-10-09,3761351,91,B0BT3Z7469,Torriden
2026-10-09,3781911,9,B079V262GN,Dashu
2026-10-09,3784921,22,B09NNBKF15,SKIN1004
2026-10-09,3784921,90,B0GVSMSWP8,Aprilskin
2026-10-09,3799601,28,B09NNGVFYV,Kundal
2026-10-09,11055991,50,B0FGXR8D12,medicube
2026-10-09,11056281,7,B0FNWJFQFM,medicube
2026-10-09,11056281,77,B087LYWWW4,Some By Mi
2026-10-09,11056291,5,B0FNWJFQFM,medicube
2026-10-09,11056291,51,B087LYWWW4,Some By Mi
2026-10-09,11056471,2,B0FR89KK44,medicube
2026-10-09,11056471,10,B0GGYG8L55,medicube
2026-10-09,11056491,30,B0FGXR8D12,medicube
2026-10-09,11056581,9,B0HCZKR164,medicube
2026-10-09,11056581,73,B0HKS29YNR,medicube
2026-10-09,11057241,7,B081JHTPKP,Mise en scène
2026-10-09,11057241,75,B0CGSLVL8T,Dr.Groot
2026-10-09,11057241,93,B0FLHK35YR,Mise en scène
2026-10-09,11057441,34,B0BN3WXMGN,Mise en scène
2026-10-09,11057441,42,B08D5XN8R4,Kundal
2026-10-09,11057441,72,B0GN287VNX,medicube
2026-10-09,11057581,28,B0DK22L979,Dr.Groot
2026-10-09,11057581,33,B0F6GTGQ4X,Dr.Groot
2026-10-09,11057581,40,B09QKR5RPT,Elizavecca
2026-10-09,11057581,82,B0DNLMNTH2,Dr.Groot
2026-10-09,11057841,4,B081JHTPKP,Mise en scène
2026-10-09,11057841,90,B0D941WQG8,Amos Professional
2026-10-09,11058091,39,B0H293BM5T,medicube
2026-10-09,11058121,12,B0H293BM5T,medicube
2026-10-09,11058281,5,B0DSLXS4G9,Laneige
2026-10-09,11058281,37,B0BN2PX8V3,Anua
2026-10-09,11058281,41,B07T5BN3P2,SKIN1004
2026-10-09,11058281,43,B0CPYD5CFQ,Etude
2026-10-09,11058281,48,B09LCMQM44,TIRTIR
2026-10-09,11058281,52,B0D34BYX7J,CLIO
2026-10-09,11058281,55,B002BADJVE,MISSHA
2026-10-09,11058281,68,B0DZMMBF3J,TIRTIR
2026-10-09,11058281,69,B0DHWFT182,Laneige
2026-10-09,11058281,94,B09N919SS5,Beauty of Joseon
2026-10-09,11058281,99,B0GF21LCW2,LAKA
2026-10-09,11058331,21,B0CPYD5CFQ,Etude
2026-10-09,11058331,24,B0D34BYX7J,CLIO
2026-10-09,11058361,12,B0CT2J3S2H,CLIO
2026-10-09,11058451,37,B0C92RLGRF,Espoir
2026-10-09,11058451,39,B0GL8C1789,Etude
2026-10-09,11058451,50,B0BZNBQM6Q,Peripera
2026-10-09,11058451,53,B0DP71K2TM,Peripera
2026-10-09,11058451,55,B0C8TGFLW4,Espoir
2026-10-09,11058451,79,B0FBW7D84N,Cosnori
2026-10-09,11058521,26,B0DL5LY1PM,CLIO
2026-10-09,11058521,29,B0F9381NNZ,CLIO
2026-10-09,11058521,37,B0DHS9NY3G,CLIO
2026-10-09,11058611,9,B0CPYD5CFQ,Etude
2026-10-09,11058611,11,B0D34BYX7J,CLIO
2026-10-09,11058691,11,B09LCMQM44,TIRTIR
2026-10-09,11058691,15,B002BADJVE,MISSHA
2026-10-09,11058691,19,B0DZMMBF3J,TIRTIR
2026-10-09,11058691,20,B0DHWFT182,Laneige
2026-10-09,11058691,54,B00BR3VPLC,Touch in Sol
2026-10-09,11058691,73,B0GL8SKDBN,Jung Saem Mool
2026-10-09,11058691,84,B0FBX37X5K,Jung Saem Mool
2026-10-09,11058691,100,B0DT17P8HZ,Espoir
2026-10-09,11058711,20,B0FCMC4GBP,Jung Saem Mool
2026-10-09,11058711,23,B0DT91YG15,CLIO
2026-10-09,11058711,30,B0CXX11MJG,fwee
2026-10-09,11058711,46,B0DPWWYXYG,Etude
2026-10-09,11058711,48,B0FWHN4HWG,TIRTIR
2026-10-09,11058711,50,B0F98PVKTW,Bbia
2026-10-09,11058711,56,B0CT2L2V97,Dear Dahlia
2026-10-09,11058711,57,B0CJQNC8HR,dasique
2026-10-09,11058711,61,B0DYCFVD2Y,Peripera
2026-10-09,11058711,70,B08CMZ86J1,Lilybyred
2026-10-09,11058711,100,B0DJ6Y6JN4,CLIO
2026-10-09,11058791,21,B0F6V1QCCP,TIRTIR
2026-10-09,11058791,69,B00X849B8C,the SAEM
2026-10-09,11058791,80,B0BZ3TN298,the SAEM
2026-10-09,11058871,3,B09LCMQM44,TIRTIR
2026-10-09,11058871,19,B0GL8SKDBN,Jung Saem Mool
2026-10-09,11058871,23,B0FBX37X5K,Jung Saem Mool
2026-10-09,11058871,28,B0DT17P8HZ,Espoir
2026-10-09,11058871,31,B0DW47T71F,TIRTIR
2026-10-09,11058871,37,B082W1DZ4R,Jung Saem Mool
2026-10-09,11058871,45,B0DG2LLG3C,TIRTIR
2026-10-09,11058871,48,B0HB8PM1V7,HERA
2026-10-09,11058871,59,B00U3TE9ZU,MISSHA
2026-10-09,11058871,60,B0FT28XK4D,CLIO
2026-10-09,11058871,66,B0F6WVCJ51,TIRTIR
2026-10-09,11058871,87,B0DL5CK4XK,AGE20's
2026-10-09,11058971,2,B0DHWFT182,Laneige
2026-10-09,11058971,22,B0CWN955CQ,Innisfree
2026-10-09,11058971,26,B0CFDQJKSH,Etude
2026-10-09,11058971,62,B07YBQ76YW,SKINFOOD
2026-10-09,11058971,91,B0CB9QDSD1,Touch in Sol
2026-10-09,11059031,1,B0DSLXS4G9,Laneige
2026-10-09,11059031,16,B0GF21LCW2,LAKA
2026-10-09,11059031,17,B0G7NRYFJS,Laneige
2026-10-09,11059031,20,B0F242ZPX5,Peripera
2026-10-09,11059031,49,B0GWPHKD43,LAKA
2026-10-09,11059031,53,B0GL8FD2QH,Etude
2026-10-09,11059031,66,B0CWN3MD25,Nature Republic
2026-10-09,11059031,69,B0GH7VCKV7,Colorgram
2026-10-09,11059031,79,B0GFGRKPQ2,Peripera
2026-10-09,11059031,84,B0GJS1JNWZ,CLIO
2026-10-09,11059031,86,B092426CYY,rom&nd
2026-10-09,11059031,100,B0G4T6FJQ8,HERA
2026-10-09,11059041,1,B0DSLXS4G9,Laneige
2026-10-09,11059041,16,B0CWN3MD25,Nature Republic
2026-10-09,11059041,23,B0G4T6FJQ8,HERA
2026-10-09,11059041,25,B07V4QY6F5,Dear Dahlia
2026-10-09,11059041,28,B0GSGWFVVW,rom&nd
2026-10-09,11059041,37,B0DW3VDN28,CNP
2026-10-09,11059041,42,B0FJRPGQ63,fwee
2026-10-09,11059041,55,B0C4XLL9S2,Peripera
2026-10-09,11059041,68,B0FQTLDYTR,d'Alba
2026-10-09,11059041,69,B0GYV55BT6,rom&nd
2026-10-09,11059041,80,B0FQJ9QR81,LAKA
2026-10-09,11059041,82,B0GZT84QVL,Nooni
2026-10-09,11059051,3,B0G7NRYFJS,Laneige
2026-10-09,11059051,4,B0F242ZPX5,Peripera
2026-10-09,11059051,6,B0GL8FD2QH,Etude
2026-10-09,11059051,7,B0GWPPBKQ6,LAKA
2026-10-09,11059051,8,B0GH7VCKV7,Colorgram
2026-10-09,11059051,10,B0GFGRKPQ2,Peripera
2026-10-09,11059051,14,B0GJS1JNWZ,CLIO
2026-10-09,11059051,17,B092426CYY,rom&nd
2026-10-09,11059051,20,B0FRLBNPY6,Aprilskin
2026-10-09,11059051,21,B0CNCSLDBB,Etude
2026-10-09,11059051,30,B0DL481TH2,Etude
2026-10-09,11059051,32,B0F5GMN738,LAKA
2026-10-09,11059051,35,B0CL3SS697,Colorgram
2026-10-09,11059051,36,B0GRGJ25Y3,hince
2026-10-09,11059051,37,B0GWPCVBQ7,Colorgram
2026-10-09,11059051,38,B0GH41SSKP,fwee
2026-10-09,11059051,39,B0H8T7JFYW,HERA
2026-10-09,11059051,42,B0FLBTK6P2,Etude
2026-10-09,11059051,47,B0FN6N4JYK,Peripera
2026-10-09,11059051,50,B0DNS64P6M,hince
2026-10-09,11059051,51,B0F13KFC9Y,Bbia
2026-10-09,11059051,52,B0D799Y4QC,TIRTIR
2026-10-09,11059051,57,B0DPX8FZPL,Espoir
2026-10-09,11059051,58,B0DYCYDV6R,Peripera
2026-10-09,11059051,60,B0DDCKZ4RJ,Colorgram
2026-10-09,11059051,64,B0F9937JN8,Bbia
2026-10-09,11059051,66,B0GP5T82M3,AMUSE
2026-10-09,11059051,68,B0F246Q24T,Peripera
2026-10-09,11059051,69,B0GR1SKWJ4,rom&nd
2026-10-09,11059051,71,B0CXWVCMGC,fwee
2026-10-09,11059051,73,B0DWMMDSY2,HERA
2026-10-09,11059051,76,B0DXF2HMRW,Colorgram
2026-10-09,11059051,81,B09NXQBMW9,rom&nd
2026-10-09,11059051,83,B0FFLLD21K,LAKA
2026-10-09,11059051,92,B0DK6ZY8WQ,Peripera
2026-10-09,11059051,97,B0FZJ8XS2M,HERA
2026-10-09,11059101,4,B0GF21LCW2,LAKA
2026-10-09,11059101,52,B0G8GQ26LC,fwee
2026-10-09,11059101,64,B0D2R565NK,Lilybyred
2026-10-09,11059101,65,B0C8H6D9RN,rom&nd
2026-10-09,11059101,72,B0FSDJKVSF,Banila Co
2026-10-09,11059101,88,B0GWPSRCBY,Colorgram
2026-10-09,11059111,82,B0BXKCRLP6,Dear Dahlia
2026-10-09,11059221,6,B0GLM99D2H,Banila Co
2026-10-09,11059221,45,B0F9YRBR3N,HERA
2026-10-09,11059231,5,B0BN2PX8V3,Anua
2026-10-09,11059231,6,B07T5BN3P2,SKIN1004
2026-10-09,11059231,9,B09N919SS5,Beauty of Joseon
2026-10-09,11059231,10,B0GFCM7SYH,Banila Co
2026-10-09,11059231,12,B01N5K834V,ma:nyo
2026-10-09,11059231,14,B0FP176X2H,medicube
2026-10-09,11059231,15,B07KG2XX67,The Face Shop
2026-10-09,11059231,22,B0D1Q43KQZ,Beauty of Joseon
2026-10-09,11059231,25,B0D9TX8G86,SKIN1004
2026-10-09,11059231,26,B0B884JBNQ,SKIN1004
2026-10-09,11059231,31,B0CTK1TYNG,Dr.Althea
2026-10-09,11059231,36,B08W1ZHTL3,Haruharu Wonder
2026-10-09,11059231,38,B0B3R661JP,Beauty of Joseon
2026-10-09,11059231,39,B00A7I27QA,Sulwhasoo
2026-10-09,11059231,46,B0943CP9KT,Round Lab
2026-10-09,11059231,47,B08BZ254B7,Make P:rem
2026-10-09,11059231,54,B0DRBTCZ9B,Beplain
2026-10-09,11059231,57,B0GF8DLCRW,medicube
2026-10-09,11059231,64,B00809ERAM,The Face Shop
2026-10-09,11059231,65,B0CH9LHYML,Ariul
2026-10-09,11059231,66,B0GFCNZM2N,medicube
2026-10-09,11059231,69,B07GYM1DPM,Hanskin
2026-10-09,11059231,70,B09Y5GSG45,Isntree
2026-10-09,11059231,73,B0C44X5JML,COSRX
2026-10-09,11059231,77,B0H9W6PS3T,medicube
2026-10-09,11059231,78,B099RN4FCW,Pyunkang Yul
2026-10-09,11059231,81,B0G2Y1NMYH,Jumiso
2026-10-09,11059231,82,B0DSZLNPF8,Illiyoon
2026-10-09,11059231,93,B0BG21WM6R,Aprilskin
2026-10-09,11059231,95,B0BXL4P558,Mixsoon
2026-10-09,11059231,98,B0B7XFYR23,SKIN1004
2026-10-09,11059231,99,B0H9VXPDV8,medicube
2026-10-09,11059311,16,B0D9VVQSW9,ohora
2026-10-09,11059311,67,B0FK4YLSLK,ohora
2026-10-09,11059371,18,B09K3D5FD1,ohora
2026-10-09,11059391,28,B0D1XLXSSY,medicube
2026-10-09,11059431,6,B0D1XLXSSY,medicube
2026-10-09,11059441,21,B0D2CHV24R,fwee
2026-10-09,11059501,29,B0DG6KNXHL,Espoir
2026-10-09,11059501,55,B0FWK29YX2,TIRTIR
2026-10-09,11060451,1,B09V7Z4TJG,medicube
2026-10-09,11060451,2,B0B2RM68G2,BIODANCE
2026-10-09,11060451,3,B0GHMZXX8Y,medicube
2026-10-09,11060451,4,B0DWFLY18Y,Anua
2026-10-09,11060451,6,B0DGTMR754,medicube
2026-10-09,11060451,8,B0DGPSZVW3,medicube
2026-10-09,11060451,10,B0DBF65JYY,medicube
2026-10-09,11060451,12,B0FVT77ZLL,Anua
2026-10-09,11060451,14,B0GD6R7CFJ,BIODANCE
2026-10-09,11060451,15,B0DYTQ5GYQ,medicube
2026-10-09,11060451,16,B0DG1DQ2S7,Anua
2026-10-09,11060451,17,B07XXPHQZK,Laneige
2026-10-09,11060451,18,B077RTL1HJ,Illiyoon
2026-10-09,11060451,19,B0BRMYHMS5,medicube
2026-10-09,11060451,20,B0G38FGSKL,medicube
2026-10-09,11060451,22,B0GVQ6NYR3,medicube
2026-10-09,11060451,24,B0DK4Y2YP3,celimax
2026-10-09,11060451,26,B0D16L5F2M,medicube
2026-10-09,11060451,28,B0D2Z3GGCY,medicube
2026-10-09,11060451,29,B0FKGJYFC8,Dr.Althea
2026-10-09,11060451,31,B07DY2QRF6,Laneige
2026-10-09,11060451,35,B0GCC2JV65,medicube
2026-10-09,11060451,37,B0FXH5LHN8,SKIN1004
2026-10-09,11060451,39,B0DWMSM6Y9,medicube
2026-10-09,11060451,40,B0DFY92NDB,Centellian24
2026-10-09,11060451,41,B0B45LL4DD,Beauty of Joseon
2026-10-09,11060451,42,B00PBX3L7K,COSRX
2026-10-09,11060451,43,B0BFQ9RD5B,d'Alba
2026-10-09,11060451,44,B0GKFD9ZQW,Anua
2026-10-09,11060451,45,B0FGQ3J31K,eqqualberry
2026-10-09,11060451,50,B0DG4WXBCF,Meditherapy
2026-10-09,11060451,52,B0CLLV2T1P,Anua
2026-10-09,11060451,62,B01CVXSPBO,Abib
2026-10-09,11060451,66,B0BPXT3GBN,medicube
2026-10-09,11060451,67,B0DKJ3BX2F,d'Alba
2026-10-09,11060451,71,B0D54F8XYK,Anua
2026-10-09,11060451,74,B0BVV8BNYJ,Anua
2026-10-09,11060451,75,B0CCJ3SRB9,COSRX
2026-10-09,11060451,76,B0FQBL8S3K,eqqualberry
2026-10-09,11060451,79,B09YDCCJBJ,Aestura
2026-10-09,11060451,81,B0GF86QJK7,BIODANCE
2026-10-09,11060451,84,B0FNWJFQFM,medicube
2026-10-09,11060451,86,B0CNCL35CH,Dr.Melaxin
2026-10-09,11060451,88,B0D8W1YVBX,eqqualberry
2026-10-09,11060451,90,B06Y15D1LH,SKIN1004
2026-10-09,11060451,93,B0FPQGLYK9,medicube
2026-10-09,11060451,100,B0D4Y6MNTF,Purito
2026-10-09,11060521,6,B0FPQ3Z16S,medicube
2026-10-09,11060521,15,B0FNWJFQFM,medicube
2026-10-09,11060521,23,B081PPNRNF,Illiyoon
2026-10-09,11060521,45,B0FR89KK44,medicube
2026-10-09,11060661,4,B0FPQ3Z16S,medicube
2026-10-09,11060661,11,B081PPNRNF,Illiyoon
2026-10-09,11060681,1,B0FPQ3Z16S,medicube
2026-10-09,11060681,7,B081PPNRNF,Illiyoon
2026-10-09,11060681,41,B0G5XH93WN,medicube
2026-10-09,11060681,79,B0GYDBDWCK,Some By Mi
2026-10-09,11060711,1,B09V7Z4TJG,medicube
2026-10-09,11060711,2,B0B2RM68G2,BIODANCE
2026-10-09,11060711,3,B0DWFLY18Y,Anua
2026-10-09,11060711,5,B0DGTMR754,medicube
2026-10-09,11060711,7,B0DGPSZVW3,medicube
2026-10-09,11060711,9,B0DBF65JYY,medicube
2026-10-09,11060711,10,B0FVT77ZLL,Anua
2026-10-09,11060711,12,B0DYTQ5GYQ,medicube
2026-10-09,11060711,13,B0DG1DQ2S7,Anua
2026-10-09,11060711,14,B077RTL1HJ,Illiyoon
2026-10-09,11060711,15,B0BRMYHMS5,medicube
2026-10-09,11060711,17,B0GVQ6NYR3,medicube
2026-10-09,11060711,19,B0DK4Y2YP3,celimax
2026-10-09,11060711,21,B0D16L5F2M,medicube
2026-10-09,11060711,23,B0D2Z3GGCY,medicube
2026-10-09,11060711,24,B0FKGJYFC8,Dr.Althea
2026-10-09,11060711,26,B0GCC2JV65,medicube
2026-10-09,11060711,27,B0DFY92NDB,Centellian24
2026-10-09,11060711,28,B00PBX3L7K,COSRX
2026-10-09,11060711,29,B0BFQ9RD5B,d'Alba
2026-10-09,11060711,30,B0GKFD9ZQW,Anua
2026-10-09,11060711,31,B0FGQ3J31K,eqqualberry
2026-10-09,11060711,35,B0DG4WXBCF,Meditherapy
2026-10-09,11060711,37,B0CLLV2T1P,Anua
2026-10-09,11060711,44,B0BPXT3GBN,medicube
2026-10-09,11060711,46,B0D54F8XYK,Anua
2026-10-09,11060711,47,B0BVV8BNYJ,Anua
2026-10-09,11060711,48,B0FQBL8S3K,eqqualberry
2026-10-09,11060711,50,B0CCJ3SRB9,COSRX
2026-10-09,11060711,52,B09YDCCJBJ,Aestura
2026-10-09,11060711,53,B0GF86QJK7,BIODANCE
2026-10-09,11060711,57,B0D8W1YVBX,eqqualberry
2026-10-09,11060711,59,B06Y15D1LH,SKIN1004
2026-10-09,11060711,65,B0FPQGLYK9,medicube
2026-10-09,11060711,66,B0DKJ3BX2F,d'Alba
2026-10-09,11060711,67,B0D4Y6MNTF,Purito
2026-10-09,11060711,68,B07WZ2YTDP,Torriden
2026-10-09,11060711,76,B0D1G7XF9X,medicube
2026-10-09,11060711,77,B0G616CQHX,SKIN1004
2026-10-09,11060711,80,B01LEJ5MSK,COSRX
2026-10-09,11060711,81,B0FS7QVSVC,Centellian24
2026-10-09,11060711,82,B0DWX8N3ML,Mediheal
2026-10-09,11060711,83,B0DLB58CWR,Anua
2026-10-09,11060711,84,B0FYN9CJKC,medicube
2026-10-09,11060711,85,B0D8W2W8C2,eqqualberry
2026-10-09,11060711,86,B002BADJVE,MISSHA
2026-10-09,11060711,89,B0DHKSF81K,celimax
2026-10-09,11060711,91,B0BTPGPK7H,SKIN1004
2026-10-09,11060711,93,B0GS1DYZHG,Sungboon Editor
2026-10-09,11060711,94,B0DLKGLBPG,numbuzin
2026-10-09,11060711,95,B0C2TQ24VY,VT
2026-10-09,11060711,97,B0DJPB7H94,Dr.Melaxin
2026-10-09,11060711,99,B0CG1H8YRS,TIRTIR
2026-10-09,11060901,3,B0DYTQ5GYQ,medicube
2026-10-09,11060901,9,B0BVV8BNYJ,Anua
2026-10-09,11060901,18,B08FMCMGN6,Round Lab
2026-10-09,11060901,36,B0F83N244B,medicube
2026-10-09,11060901,45,B00FJ2LU2Q,The Face Shop
2026-10-09,11060901,51,B0F29C8N84,medicube
2026-10-09,11060901,54,B016NRXO06,COSRX
2026-10-09,11060901,57,B0FPQNL9K7,Anua
2026-10-09,11060901,72,B0CX2QR1HR,Innisfree
2026-10-09,11060901,77,B0DSZZKTM5,Illiyoon
2026-10-09,11060901,81,B08W2HG4WP,Haruharu Wonder
2026-10-09,11060901,92,B09JBJDFHH,SKIN1004
2026-10-09,11060901,93,B0D9TX8G86,SKIN1004
2026-10-09,11060901,94,B0DRBKTCL1,Beplain
2026-10-09,11060901,99,B00AMXG15I,Sulwhasoo
2026-10-09,11060901,100,B08H6PHF2N,COSRX
2026-10-09,11061001,3,B016NRXO06,COSRX
2026-10-09,11061001,5,B0DSZZKTM5,Illiyoon
2026-10-09,11061001,8,B08W2HG4WP,Haruharu Wonder
2026-10-09,11061001,13,B08H6PHF2N,COSRX
2026-10-09,11061001,27,B0DWKS952Y,Laneige
2026-10-09,11061001,35,B0F542MCPD,belif
2026-10-09,11061001,52,B0GHXKSZKR,medicube
2026-10-09,11061001,58,B0CKVL9PGY,Haruharu Wonder
2026-10-09,11061001,63,B0HF441PNN,numbuzin
2026-10-09,11061001,66,B0FVWQH8DS,Sungboon Editor
2026-10-09,11061001,71,B0CDBQ69WL,Haruharu Wonder
2026-10-09,11061001,79,B0CLGGP723,Dr.Althea
2026-10-09,11061001,84,B0GHQV5KCT,Dr.Melaxin
2026-10-09,11061001,97,B097D1CN65,Dr.G
2026-10-09,11061091,5,B075GWQMP6,TONYMOLY
2026-10-09,11061091,41,B0G4L243XR,belif
2026-10-09,11061091,55,B0F28SB2FL,Purito
2026-10-09,11061091,59,B0CSL2X3G2,The Face Shop
2026-10-09,11061091,61,B01H6EHVK4,SKINFOOD
2026-10-09,11061091,73,B0D8VLK4ZW,Aprilskin
2026-10-09,11061091,82,B0F2L2DQ7K,Purito
2026-10-09,11061091,83,B0D66PNSPB,Mediheal
2026-10-09,11061121,1,B0B2RM68G2,BIODANCE
2026-10-09,11061121,2,B0DGTMR754,medicube
2026-10-09,11061121,3,B0BRMYHMS5,medicube
2026-10-09,11061121,4,B0D1G7XF9X,medicube
2026-10-09,11061121,5,B0DWX8N3ML,Mediheal
2026-10-09,11061121,6,B0FWK57DL4,COSRX
2026-10-09,11061121,7,B0GC5TBVNP,Sungboon Editor
2026-10-09,11061121,8,B0G11L8F7C,medicube
2026-10-09,11061121,9,B0C8Y1TSKZ,SKIN1004
2026-10-09,11061121,10,B0CYMZC3C6,Rejuran
2026-10-09,11061121,12,B083X5R6VR,VT
2026-10-09,11061121,13,B0H3QQ1SDP,TONYMOLY
2026-10-09,11061121,14,B0F83HQCFN,COSRX
2026-10-09,11061121,15,B0FKTKF8RB,medicube
2026-10-09,11061121,19,B0DF81C9TM,Dr.Jart+
2026-10-09,11061121,20,B09XWHB1HR,Mediheal
2026-10-09,11061121,21,B0F798SK7J,Illiyoon
2026-10-09,11061121,22,B08TBJY2DP,Torriden
2026-10-09,11061121,27,B0CQZ3W88P,Innisfree
2026-10-09,11061121,28,B0D3GSS93N,medicube
2026-10-09,11061121,30,B0DWXCNQN4,Anua
2026-10-09,11061121,31,B0CZ7MXPG8,Laneige
2026-10-09,11061121,32,B08JSL9W6K,COSRX
2026-10-09,11061121,35,B0DHJJHCJS,Anua
2026-10-09,11061121,36,B0G38HDCJF,medicube
2026-10-09,11061121,37,B0DHGWWCNM,VT
2026-10-09,11061121,42,B0D172K61R,Mediheal
2026-10-09,11061121,47,B0FJY4CGSC,d'Alba
2026-10-09,11061121,48,B0DXZVNYKM,medicube
2026-10-09,11061121,52,B0CLNS5XX8,Torriden
2026-10-09,11061121,57,B0BJPKX14D,Beauty of Joseon
2026-10-09,11061121,58,B0FWCDZD4H,Anua
2026-10-09,11061121,60,B0F3HYKX8T,Mixsoon
2026-10-09,11061121,61,B0GDQBZMP7,Dr.Melaxin
2026-10-09,11061121,63,B0CV3NTQ88,Mediheal
2026-10-09,11061121,64,B0DJ98TSVQ,Mediheal
2026-10-09,11061121,66,B0DDBR4YL1,Mediheal
2026-10-09,11061121,68,B0DBRJTLVW,The Face Shop
2026-10-09,11061121,71,B0FM71V55H,Mediheal
2026-10-09,11061121,73,B0F7ZJNLZ1,Laneige
2026-10-09,11061121,75,B0FBFYB3J5,numbuzin
2026-10-09,11061121,76,B0GGGJJQZX,ma:nyo
2026-10-09,11061121,82,B0DJ9NZS6G,Mediheal
2026-10-09,11061121,83,B0816JDCNY,Abib
2026-10-09,11061121,84,B0DLKG4Q9X,numbuzin
2026-10-09,11061121,86,B0FJWMY7TM,Abib
2026-10-09,11061121,87,B0DZWGLV9G,Aprilskin
2026-10-09,11061121,89,B0F1TSCGWN,BIODANCE
2026-10-09,11061121,90,B0GSF73FDQ,Sungboon Editor
2026-10-09,11061121,96,B0H4L5BDP1,eqqualberry
2026-10-09,11061121,97,B0DMCQF523,SKIN1004
2026-10-09,11061121,98,B0GG8Q31R3,Dr.Melaxin
2026-10-09,11061121,99,B0FBG7GMZN,numbuzin
2026-10-09,11061121,100,B0DB16WCH3,TONYMOLY
2026-10-09,11061151,4,B0G4L243XR,belif
2026-10-09,11061151,8,B0F28SB2FL,Purito
2026-10-09,11061151,10,B0D8VLK4ZW,Aprilskin
2026-10-09,11061151,14,B08VPRWN7B,TONYMOLY
2026-10-09,11061151,16,B0DK1DFDT6,Sungboon Editor
2026-10-09,11061151,28,B0DWSC18DY,Aprilskin
2026-10-09,11061151,53,B0FT31ZNRG,Banila Co
2026-10-09,11061151,69,B0FGYYH9X4,TONYMOLY
2026-10-09,11061151,82,B0DWSPY87S,Aprilskin
2026-10-09,11061151,92,B0FGYF6SJT,TONYMOLY
2026-10-09,11061151,96,B09BC1MBZ6,Neogen
2026-10-09,11061161,4,B075GWQMP6,TONYMOLY
2026-10-09,11061161,50,B0CSL2X3G2,The Face Shop
2026-10-09,11061161,51,B01H6EHVK4,SKINFOOD
2026-10-09,11061161,71,B0F2L2DQ7K,Purito
2026-10-09,11061161,99,B01828IP7G,SKINFOOD
2026-10-09,11061301,1,B0DWFLY18Y,Anua
2026-10-09,11061301,3,B0DGPSZVW3,medicube
2026-10-09,11061301,4,B0FVT77ZLL,Anua
2026-10-09,11061301,5,B077RTL1HJ,Illiyoon
2026-10-09,11061301,7,B0GVQ6NYR3,medicube
2026-10-09,11061301,9,B0D2Z3GGCY,medicube
2026-10-09,11061301,10,B0FKGJYFC8,Dr.Althea
2026-10-09,11061301,11,B0DFY92NDB,Centellian24
2026-10-09,11061301,12,B0GKFD9ZQW,Anua
2026-10-09,11061301,14,B0BFQ9RD5B,d'Alba
2026-10-09,11061301,18,B0BPXT3GBN,medicube
2026-10-09,11061301,19,B0FQBL8S3K,eqqualberry
2026-10-09,11061301,21,B09YDCCJBJ,Aestura
2026-10-09,11061301,22,B0GF86QJK7,BIODANCE
2026-10-09,11061301,26,B0D4Y6MNTF,Purito
2026-10-09,11061301,30,B01LEJ5MSK,COSRX
2026-10-09,11061301,31,B0FS7QVSVC,Centellian24
2026-10-09,11061301,32,B0FYN9CJKC,medicube
2026-10-09,11061301,33,B002BADJVE,MISSHA
2026-10-09,11061301,34,B0DHKSF81K,celimax
2026-10-09,11061301,35,B0BTPGPK7H,SKIN1004
2026-10-09,11061301,42,B0FMWPNKJR,Dr.Althea
2026-10-09,11061301,49,B0GS97T2MV,celimax
2026-10-09,11061301,51,B0GPPRTD32,Dr.Althea
2026-10-09,11061301,54,B08WJQ3XJD,Beauty of Joseon
2026-10-09,11061301,67,B0CNJ1Z2GL,Laneige
2026-10-09,11061301,68,B0DKNP4TL6,medicube
2026-10-09,11061301,76,B0CNJ7FXH4,Laneige
2026-10-09,11061301,77,B0CC2HZ8WL,d'Alba
2026-10-09,11061301,80,B0FVY91T1Q,Centellian24
2026-10-09,11061301,82,B0DJ8FQDYL,Centellian24
2026-10-09,11061301,91,B0HD5TZZR3,d'Alba
2026-10-09,11061301,93,B091PN6NPT,Etude
2026-10-09,11061301,97,B0FP15Q4RK,medicube
2026-10-09,11061931,1,B09V7Z4TJG,medicube
2026-10-09,11061931,2,B0D54F8XYK,Anua
2026-10-09,11061931,5,B0CG1H8YRS,TIRTIR
2026-10-09,11061931,6,B0DY7GDRV7,medicube
2026-10-09,11061931,7,B0BHVBVRYY,Mediheal
2026-10-09,11061931,9,B0G24NKB1B,Sungboon Editor
2026-10-09,11061931,10,B0D95M72BF,Haruharu Wonder
2026-10-09,11061931,12,B0FPGGKFCH,Illiyoon
2026-10-09,11061931,14,B0FD3HXCWZ,medicube
2026-10-09,11061931,16,B0DDXV5KV4,BIODANCE
2026-10-09,11061931,19,B08JLMRTZS,Anua
2026-10-09,11061931,20,B085VS2J3T,medicube
2026-10-09,11061931,23,B08FM5BTF6,Round Lab
2026-10-09,11061931,24,B0971YC8W1,Haruharu Wonder
2026-10-09,11061931,25,B0B1JPZYMN,SKIN1004
2026-10-09,11061931,26,B0FVFS937N,Innisfree
2026-10-09,11061931,28,B09P54X2NS,Laneige
2026-10-09,11061931,29,B0GL23FXCZ,I'm From
2026-10-09,11061931,30,B0F4RF551P,numbuzin
2026-10-09,11061931,31,B07BYJF7L7,Some By Mi
2026-10-09,11061931,32,B0FFHG6X51,d'Alba
2026-10-09,11061931,35,B00OZEJ8R8,COSRX
2026-10-09,11061931,37,B06ZZK3YJY,Pyunkang Yul
2026-10-09,11061931,41,B08RLZ28QK,Beauty of Joseon
2026-10-09,11061931,43,B073P6BPF5,COSRX
2026-10-09,11061931,44,B0FN3VX6NP,medicube
2026-10-09,11061931,45,B0915CMY57,numbuzin
2026-10-09,11061931,50,B0C61CJ66L,numbuzin
2026-10-09,11061931,53,B0CMC6S4BM,eqqualberry
2026-10-09,11061931,57,B01CVXU3CI,Abib
2026-10-09,11061931,60,B08CZGS5M2,SKINFOOD
2026-10-09,11061931,62,B08TBG2T2C,Torriden
2026-10-09,11061931,63,B07THCMGFP,Haruharu Wonder
2026-10-09,11061931,64,B0DMXH4XVB,Innisfree
2026-10-09,11061931,65,B0DR25CL71,medicube
2026-10-09,11061931,66,B0DJDC71XL,Beauty of Joseon
2026-10-09,11061931,68,B07B65NJLV,Klairs
2026-10-09,11061931,69,B07B32PL1C,TONYMOLY
2026-10-09,11061931,73,B0FPKX9FY4,medicube
2026-10-09,11061931,75,B0GGL3M7GK,I'm From
2026-10-09,11061931,78,B0GMJQ8QRC,COSRX
2026-10-09,11061931,79,B07FP453RC,I'm From
2026-10-09,11061931,80,B0GF2623VD,Dr.Melaxin
2026-10-09,11061931,81,B0BQTHDZY1,numbuzin
2026-10-09,11061931,82,B0921NXR2V,Etude
2026-10-09,11061931,84,B0H27762NP,Aestura
2026-10-09,11061931,87,B0GYP3WQHX,d'Alba
2026-10-09,11061931,88,B0FSKSBRT2,Rejuran
2026-10-09,11061931,89,B08Y5XGM3Z,Dr.Ceuracle
2026-10-09,11061931,92,B0G63JR33Q,iUNIK
2026-10-09,11061931,93,B085T6JWF6,Some By Mi
2026-10-09,11061931,96,B0CDKVXBCG,Anua
2026-10-09,11061931,99,B08TZGQQW9,celimax
2026-10-09,11061931,100,B0H627CCBF,Centellian24
2026-10-09,11061941,1,B0GHMZXX8Y,medicube
2026-10-09,11061941,2,B0GD6R7CFJ,BIODANCE
2026-10-09,11061941,3,B0G38FGSKL,medicube
2026-10-09,11061941,5,B0DWMSM6Y9,medicube
2026-10-09,11061941,6,B0B45LL4DD,Beauty of Joseon
2026-10-09,11061941,7,B01CVXSPBO,Abib
2026-10-09,11061941,8,B0CNCL35CH,Dr.Melaxin
2026-10-09,11061941,12,B0G48T5CM2,Centellian24
2026-10-09,11061941,14,B0GXJSNT3K,Anua
2026-10-09,11061941,15,B09SZ5JX2Y,d'Alba
2026-10-09,11061941,16,B0DDC3QGJL,KAHI
2026-10-09,11061941,17,B0DLKCCPYZ,COSRX
2026-10-09,11061941,18,B0H2HYV1VJ,Beauty of Joseon
2026-10-09,11061941,21,B0CNBYGNNL,Dr.Melaxin
2026-10-09,11061941,23,B0D4Q8SR9Z,Mediheal
2026-10-09,11061941,31,B0H2CL87TC,BIODANCE
2026-10-09,11061941,32,B0CYKRBVWC,Dr.Melaxin
2026-10-09,11061941,39,B0D9GFY6ZM,Anua
2026-10-09,11061941,45,B0FQG4FQ22,VT
2026-10-09,11061941,50,B0C88XF2ZW,Dr.Melaxin
2026-10-09,11061941,51,B0BLCZH72Z,Innisfree
2026-10-09,11061941,52,B0F4R939KD,numbuzin
2026-10-09,11061941,57,B0H9QHH69V,Sungboon Editor
2026-10-09,11061941,59,B0GR1491KV,numbuzin
2026-10-09,11061941,62,B07ZRF416W,COSRX
2026-10-09,11061941,82,B0F28NKKW7,VT
2026-10-09,11061941,89,B09ZB7GDJL,Haruharu Wonder
2026-10-09,11061941,91,B0D8NB84XK,belif
2026-10-09,11061941,92,B0H9LF3VRN,Mediheal
2026-10-09,11061941,96,B0B89PF9P6,TONYMOLY
2026-10-09,11061941,97,B0CWPCX1D2,AXIS-Y
2026-10-09,11061971,1,B0GD6R7CFJ,BIODANCE
2026-10-09,11061971,2,B0G38FGSKL,medicube
2026-10-09,11061971,3,B01CVXSPBO,Abib
2026-10-09,11061971,6,B0GXJSNT3K,Anua
2026-10-09,11061971,7,B0DLKCCPYZ,COSRX
2026-10-09,11061971,8,B0H2HYV1VJ,Beauty of Joseon
2026-10-09,11061971,11,B0D4Q8SR9Z,Mediheal
2026-10-09,11061971,23,B0H9QHH69V,Sungboon Editor
2026-10-09,11061971,28,B0H9LF3VRN,Mediheal
2026-10-09,11061971,36,B0G92CK3J8,Goodal
2026-10-09,11061971,41,B0D6NZGP2R,Laneige
2026-10-09,11061971,51,B0GQZ8VDNW,VT
2026-10-09,11061971,54,B07KGMWBHM,Mizon
2026-10-09,11061971,55,B0H4YXXSKD,Dr.Melaxin
2026-10-09,11061971,96,B0GT9F5Q3S,medicube
2026-10-09,11062031,1,B0B2RM68G2,BIODANCE
2026-10-09,11062031,2,B0DGTMR754,medicube
2026-10-09,11062031,4,B0DBF65JYY,medicube
2026-10-09,11062031,5,B0DG1DQ2S7,Anua
2026-10-09,11062031,6,B0BRMYHMS5,medicube
2026-10-09,11062031,7,B0DK4Y2YP3,celimax
2026-10-09,11062031,8,B0D16L5F2M,medicube
2026-10-09,11062031,9,B0GCC2JV65,medicube
2026-10-09,11062031,10,B00PBX3L7K,COSRX
2026-10-09,11062031,11,B0FGQ3J31K,eqqualberry
2026-10-09,11062031,12,B0DG4WXBCF,Meditherapy
2026-10-09,11062031,13,B0CLLV2T1P,Anua
2026-10-09,11062031,17,B0CCJ3SRB9,COSRX
2026-10-09,11062031,18,B0D8W1YVBX,eqqualberry
2026-10-09,11062031,19,B06Y15D1LH,SKIN1004
2026-10-09,11062031,22,B07WZ2YTDP,Torriden
2026-10-09,11062031,26,B0D1G7XF9X,medicube
2026-10-09,11062031,27,B0DWX8N3ML,Mediheal
2026-10-09,11062031,28,B0DLB58CWR,Anua
2026-10-09,11062031,29,B0D8W2W8C2,eqqualberry
2026-10-09,11062031,32,B0GS1DYZHG,Sungboon Editor
2026-10-09,11062031,33,B0DLKGLBPG,numbuzin
2026-10-09,11062031,34,B0C2TQ24VY,VT
2026-10-09,11062031,35,B0DJPB7H94,Dr.Melaxin
2026-10-09,11062031,39,B0CRDQPLCM,Sungboon Editor
2026-10-09,11062031,43,B0FWK57DL4,COSRX
2026-10-09,11062031,45,B08BZCY3Y1,Rejuran
2026-10-09,11062031,46,B0FT7TKN36,medicube
2026-10-09,11062031,51,B07NNVZNQR,iUNIK
2026-10-09,11062031,54,B0GC5TBVNP,Sungboon Editor
2026-10-09,11062031,55,B0GV2J43Q9,SKIN1004
2026-10-09,11062031,57,B0G11L8F7C,medicube
2026-10-09,11062031,60,B0179IBBEE,COSRX
2026-10-09,11062031,61,B09DLFCB69,Beauty of Joseon
2026-10-09,11062031,62,B0H3KJ25GN,medicube
2026-10-09,11062031,67,B0C8Y1TSKZ,SKIN1004
2026-10-09,11062031,69,B0FKSM8L9H,BIODANCE
2026-10-09,11062031,70,B0FR4QYNK5,medicube
2026-10-09,11062031,75,B0FPFDSC7X,medicube
2026-10-09,11062031,76,B0CYMZC3C6,Rejuran
2026-10-09,11062031,78,B0DZGKNPRB,Beauty of Joseon
2026-10-09,11062031,81,B083X5R6VR,VT
2026-10-09,11062031,82,B0FG7VLJKG,medicube
2026-10-09,11062031,83,B0D9W15N21,Dr.Melaxin
2026-10-09,11062031,84,B0FG38CL5H,d'Alba
2026-10-09,11062031,86,B0D54G6811,Anua
2026-10-09,11062031,88,B085VWWJJT,medicube
2026-10-09,11062031,90,B0DGLCRZZ3,Dr.Althea
2026-10-09,11062031,95,B0H3QQ1SDP,TONYMOLY
2026-10-09,11062031,99,B0FM23ZR4H,Jumiso
2026-10-09,11062031,100,B0F83HQCFN,COSRX
2026-10-09,11062221,93,B0G12V3QBN,ohora
2026-10-09,11062241,45,B09K3JSYVJ,ohora
2026-10-09,11062241,55,B0GY2QGLDK,ohora
2026-10-09,11062261,35,B0BT4SVTJQ,Haruharu Wonder
2026-10-09,11062261,40,B00QREE3FG,TONYMOLY
2026-10-09,11062261,67,B0DJHG36D2,TONYMOLY
2026-10-09,11062291,1,B0G12HL5RP,ohora
2026-10-09,11062331,1,B0G12HL5RP,ohora
2026-10-09,11062581,1,B0FSJQ3KJT,Anua
2026-10-09,11062581,2,B0F384Y1KR,Anua
2026-10-09,11062581,4,B0G4W2FT6S,Dr.Althea
2026-10-09,11062581,6,B09S6JKB52,SKIN1004
2026-10-09,11062581,7,B0GYNK6PBB,medicube
2026-10-09,11062581,8,B0H5C6MGS6,Dr.Althea
2026-10-09,11062581,9,B08QM7NFWS,COSRX
2026-10-09,11062581,11,B0CTKSB91T,Laneige
2026-10-09,11062581,15,B0GYN8S7GN,medicube
2026-10-09,11062581,17,B0H711RS9P,COSRX
2026-10-09,11062581,19,B0H79D8C5K,eqqualberry
2026-10-09,11062581,21,B0F9NYPS7T,Torriden
2026-10-09,11062581,22,B0GS7N4CQZ,medicube
2026-10-09,11062581,24,B0DSTW6T1C,Round Lab
2026-10-09,11062581,27,B09KRSGVVM,Pyunkang Yul
2026-10-09,11062581,28,B0FMS3MKHS,Abib
2026-10-09,11062581,36,B0H418M94R,Sungboon Editor
2026-10-09,11062581,38,B0FYN7Y7CJ,SKINFOOD
2026-10-09,11062581,44,B0HJZB6WQR,medicube
2026-10-09,11062581,50,B0FRMLG7YW,d'Alba
2026-10-09,11062581,53,B0GTQK9G6F,Illiyoon
2026-10-09,11062581,58,B0H5PXG5BQ,Illiyoon
2026-10-09,11062581,60,B0GS1NN68W,SKIN1004
2026-10-09,11062581,61,B0H1H4F94B,SKIN1004
2026-10-09,11062581,64,B0HJZDRXJP,medicube
2026-10-09,11062581,65,B0F333BT43,Bioheal Boh
2026-10-09,11062581,71,B0H1H1P7YS,Sungboon Editor
2026-10-09,11062581,76,B0GYZSVZSZ,Laneige
2026-10-09,11062581,79,B0H7GFV782,eqqualberry
2026-10-09,11062581,84,B0FSCD86D3,Haruharu Wonder
2026-10-09,11062581,85,B0GHPGGML3,SKIN1004
2026-10-09,11062581,93,B0HHN8H2VL,Sungboon Editor
2026-10-09,11062581,100,B0FL6JXK4Z,belif
2026-10-09,11062591,1,B0FXH5LHN8,SKIN1004
2026-10-09,11062591,5,B0DKJ3BX2F,d'Alba
2026-10-09,11062591,7,B0FPQGLYK9,medicube
2026-10-09,11062591,8,B0C45CK57M,Abib
2026-10-09,11062591,9,B0DWSL3ZBQ,Anua
2026-10-09,11062591,10,B0H7WYBCQJ,Beauty of Joseon
2026-10-09,11062591,15,B0FQ531HJL,Round Lab
2026-10-09,11062591,23,B0GR23K9GY,Innisfree
2026-10-09,11062591,33,B09ZY7468X,COSRX
2026-10-09,11062591,34,B0GPPMKQWG,Tocobo
2026-10-09,11062591,66,B0DK4MXPMD,Round Lab
2026-10-09,11062591,67,B0GWFQZTQD,Innisfree
2026-10-09,11062591,75,B0DSHX7242,Mixsoon
2026-10-09,11062601,12,B00DTFJA54,Nature Republic
2026-10-09,11062601,18,B07KF53X62,Aromatica
2026-10-09,11062601,31,B00K3KYTLI,Holika Holika
2026-10-09,11062601,58,B075XKGWYG,Benton
2026-10-09,11062601,66,B011S44TWQ,the SAEM
2026-10-09,11062651,1,B0FXH5LHN8,SKIN1004
2026-10-09,11062651,5,B0DKJ3BX2F,d'Alba
2026-10-09,11062651,7,B0FPQGLYK9,medicube
2026-10-09,11062651,8,B0C45CK57M,Abib
2026-10-09,11062651,9,B0DWSL3ZBQ,Anua
2026-10-09,11062651,10,B0H7WYBCQJ,Beauty of Joseon
2026-10-09,11062651,14,B0FQ531HJL,Round Lab
2026-10-09,11062651,22,B0GR23K9GY,Innisfree
2026-10-09,11062651,31,B09ZY7468X,COSRX
2026-10-09,11062651,32,B0GPPMKQWG,Tocobo
2026-10-09,11062651,59,B0DK4MXPMD,Round Lab
2026-10-09,11062651,60,B0GWFQZTQD,Innisfree
2026-10-09,11062651,65,B0DSHX7242,Mixsoon
2026-10-09,11062651,86,B0F2HL5XPT,Round Lab
2026-10-09,11062651,93,B0H86VC62C,Beauty of Joseon
2026-10-09,11062651,100,B0DNS7RJHX,d'Alba
2026-10-09,11062691,29,B0F12D5P2L,Some By Mi
2026-10-09,11062691,73,B0HB3WWGBS,Haruharu Wonder
2026-10-09,11062741,29,B0GS8YKMN3,medicube
2026-10-09,11062741,48,B0FFF3757L,medicube
2026-10-09,13106071,1,B0D9VVQSW9,ohora
2026-10-09,13106071,9,B0FK4YLSLK,ohora
2026-10-09,13106071,14,B084FWPQYG,ohora
2026-10-09,13106071,16,B09Z9X5BZ3,ohora
2026-10-09,13106071,26,B0BKRKMZ22,ohora
2026-10-09,13106071,51,B0H9WBHLN4,ohora
2026-10-09,13106071,74,B0BKRKZVKC,ohora
2026-10-09,14024031,22,B07NFYWWB6,Illiyoon
2026-10-09,14024031,61,B01CLTKI4A,COSRX
2026-10-09,14024031,87,B0F1CQ7YKD,Aestura
2026-10-09,166860011,4,B0BBL83HCS,Atopalm
2026-10-09,166860011,49,B0CZF1MW1M,Make P:rem
2026-10-09,382803011,1,B081JHTPKP,Mise en scène
2026-10-09,382803011,32,B0F9WV89PZ,COSRX
2026-10-09,382803011,34,B0GLF7R1HZ,Mise en scène
2026-10-09,382803011,55,B09D7R5C2X,d'Alba
2026-10-09,382803011,68,B0BLT75YWX,Unove
2026-10-09,382803011,77,B0DCVSKRHN,Mise en scène
2026-10-09,382803011,91,B09XDBPJL1,Elizavecca
2026-10-09,388109011,7,B00BR3VPLC,Touch in Sol
2026-10-09,388109011,31,B002C5IUWQ,MISSHA
2026-10-09,388109011,38,B07NQBWRMR,MISSHA
2026-10-09,388109011,39,B0GPX4WJD8,TIRTIR
2026-10-09,388109011,42,B0CWL33ZMV,Etude
2026-10-09,388109011,54,B07QQJR5V7,Jung Saem Mool
2026-10-09,388109011,66,B0DJVNWYXQ,HERA
2026-10-09,388109011,69,B0GWD219HK,Meditherapy
2026-10-09,388109011,70,B0822HR335,Jung Saem Mool
2026-10-09,388109011,78,B0H1JZFPYF,MISSHA
2026-10-09,388109011,80,B0GRMV4PZ6,TIRTIR
2026-10-09,388109011,89,B0GVY9Q59Y,Meditherapy
2026-10-09,388109011,92,B0B24CLZCZ,Jung Saem Mool
2026-10-09,388109011,98,B0H5WB6SC1,Jung Saem Mool
2026-10-09,390141011,11,B0CVQ74Z3V,Koelf
2026-10-09,979546011,1,B07XXPHQZK,Laneige
2026-10-09,979546011,2,B07DY2QRF6,Laneige
2026-10-09,979546011,24,B0FWCF61VF,Anua
2026-10-09,979546011,38,B0CKV7JNFX,Nature Republic
2026-10-09,979546011,61,B0GKNKLZ7K,Haruharu Wonder
2026-10-09,979546011,70,B0DTYWQ359,medicube
2026-10-09,979546011,75,B0BT3Z7469,Torriden
2026-10-09,979546011,98,B0DSP88HJ7,Abib
2026-10-09,979548011,38,B098D8QZK1,COSRX
2026-10-09,979548011,73,B0DZNH362V,SKINFOOD
2026-10-09,979548011,86,B0BMKLQFQS,Mediheal
2026-10-09,2265896011,5,B0GJRPQKCB,CLIO
2026-10-09,2265896011,36,B0C3Q9PBVV,Too Cool For School
2026-10-09,2265896011,100,B0BZPM4GFL,Colorgram
2026-10-09,17242866011,16,B0G12HL5RP,ohora
2026-10-09,17242866011,23,B0D9VVQSW9,ohora
2026-10-09,17242866011,100,B0FK4YLSLK,ohora
2026-10-09,23561814011,1,B0GGQMYLXM,VT
2026-10-09,23561814011,4,B0CGS2D8J8,Dr.Groot
2026-10-09,23561814011,5,B01MU9AUX7,Aromatica
2026-10-09,23561814011,9,B0FY6CC156,medicube
2026-10-09,23561814011,13,B0FY722KL2,Dr.Groot
2026-10-09,23561814011,27,B0GYRQ4PQB,Aromatica
2026-10-09,23561814011,34,B079QBN8B9,A'PIEU
2026-10-09,23561814011,41,B0F9WR8743,COSRX
2026-10-09,23561814011,42,B07KF626LC,Aromatica
2026-10-09,23561814011,50,B0CQ3VYN4S,Dr.Groot
2026-10-09,23561814011,70,B08QBDL7NT,Some By Mi
2026-10-09,23561814011,72,B0GHQ6WNZ7,Dr.Forhair
2026-10-09,23561814011,77,B01N5O0RUK,Aromatica
2026-10-09,10664362011,6,B0H8FC5TZ6,medicube
2026-10-09,17911764011,49,B01I2ZQJSG,Elizavecca
2026-10-09,11158680011,7,B0G3T3LSCS,Mise en scène
2026-10-09,11158680011,8,B0GW8N6XR2,medicube
2026-10-09,11158680011,16,B0FG82616Q,COSRX
2026-10-09,11158680011,17,B0GN2BK41M,medicube
2026-10-09,11158680011,38,B09T2N5QK5,Aromatica
2026-10-09,11158680011,61,B0H5QDF4D6,Mise en scène
2026-10-09,11158680011,77,B0H5QCXN72,Mise en scène
2026-10-09,11158680011,83,B0HJZDZC4B,medicube
2026-10-09,11158680011,92,B0HJZLTXRT,medicube
2026-10-09,10898755011,7,B0CGSLVL8T,Dr.Groot
2026-10-09,10898755011,16,B0DK263J67,Dr.Groot
2026-10-09,10898755011,27,B0FY6DB6MR,medicube
2026-10-09,10898755011,51,B0DLCQZ85Y,Dr.Groot
2026-10-09,10898755011,54,B0DK22L979,Dr.Groot
2026-10-09,10898755011,56,B0GJ4Z3C3L,Dr.Forhair
2026-10-09,10898755011,60,B0F6GTGQ4X,Dr.Groot
2026-10-09,10898755011,69,B0D5GKBNY3,Ryo
2026-10-09,10898755011,71,B0FY6FKGZM,medicube
2026-10-09,10898755011,74,B09QKR5RPT,Elizavecca
2026-10-09,10898755011,92,B0GMHP5TXD,Ryo
2026-10-09,10666439011,14,B0H71K75Q9,medicube
2026-10-09,10666439011,41,B09QKR5RPT,Elizavecca
2026-10-09,10666439011,47,B09TG5YPXP,Unove
2026-10-09,10666437011,4,B0FLHK35YR,Mise en scène
2026-10-09,10666437011,7,B01I2ZQJSG,Elizavecca
2026-10-09,10666437011,32,B0GDZJ65PG,medicube
2026-10-09,10666437011,35,B09TG5ZD42,Unove
2026-10-09,16236250011,65,B079V262GN,Dashu
2026-10-09,13861652011,3,B0GS8YKMN3,medicube
2026-10-09,13861652011,4,B0FFF3757L,medicube
2026-10-09,13861652011,17,B0GCY2WFDV,medicube
2026-10-09,18065339011,2,B0FLPNFD5L,Illiyoon
2026-10-09,18065339011,3,B0CZXG68J4,CNP
2026-10-09,18065339011,14,B07CP3B241,Nooni
2026-10-09,18065339011,15,B0CYV2LXW3,belif
2026-10-09,18065339011,27,B09PMX9L3Z,Sioris
2026-10-09,18065339011,32,B0DZM3VXYL,SKINFOOD
2026-10-09,18065339011,52,B0DNJ844CH,CNP
2026-10-09,18065339011,53,B0D1VX32YY,The Face Shop
2026-10-09,18065339011,87,B0F8BCN2GY,CNP
2026-10-09,18065339011,89,B0CZ2XY4QD,Nooni
2026-10-09,18065339011,93,B09LC3439Q,Nooni
2026-10-09,21212387011,2,B0BWX6NZLT,Nooni
2026-10-09,21212387011,8,B0D84WSNQK,Laneige
2026-10-09,21212387011,10,B0FJRM59D7,fwee
2026-10-09,21212387011,12,B0CVL46L26,VT
2026-10-09,21212387011,13,B0GWPJFTBN,LAKA
2026-10-09,21212387011,18,B0DQKBT8WS,Nature Republic
2026-10-09,21212387011,23,B0GP9QKCZT,Laneige
2026-10-09,21212387011,25,B0HCBVVH7J,LAKA
2026-10-09,21212387011,26,B0FJM1CZTH,VT
2026-10-09,21212387011,28,B0GHY48KWC,rom&nd
2026-10-09,21212387011,32,B0F7X6VKH2,Dr.Different
2026-10-09,21212387011,53,B0HCBXPYC3,LAKA
2026-10-09,21212387011,70,B0CZPCBD3P,rom&nd
2026-10-09,21212387011,86,B089PBP5YY,Holika Holika
2026-10-09,13861699011,10,B09NNBKF15,SKIN1004
2026-10-09,13861699011,36,B0GVSMSWP8,Aprilskin
2026-10-09,13861699011,57,B07L3B16Z7,Pyunkang Yul
2026-10-09,13861697011,3,B0FGXR8D12,medicube
2026-10-09,23623513011,72,B09D7R5C2X,d'Alba
2026-10-09,10666020011,47,B0D97HK15R,Amos Professional
2026-10-09,10666020011,67,B0BY7D6ZPZ,Dashu
2026-10-09,10666020011,83,B0DG2Q1BJJ,Lador
2026-10-09,10664402011,54,B01L3EU5YC,Dashu
2026-10-09,10664402011,68,B0G7B4K3KY,Unove
2026-10-09,23623512011,12,B0D941WQG8,Amos Professional
2026-10-09,23623511011,31,B09NXV5S89,Dashu
2026-10-09,23623511011,73,B0CGS2QXFJ,Dr.Groot
2026-10-09,23623511011,78,B07RF4KDPC,Moremo
2026-10-09,10312668011,11,B08NWSB791,Cosnori
2026-10-09,10312668011,59,B0CCY7N72W,Cosnori
2026-10-09,16228107011,12,B004FKD3HI,SKINFOOD
2026-10-09,7792268011,1,B002BADJVE,MISSHA
2026-10-09,7792268011,4,B0DDTB8LJM,MISSHA
2026-10-09,7792268011,7,B0GZLS4428,Dr.Jart+
2026-10-09,7792268011,8,B0GZN98RN7,Dear Dahlia
2026-10-09,7792268011,11,B0FQBXS11F,Cell Fusion C
2026-10-09,7792268011,16,B08JCK7LSN,Purito
2026-10-09,7792268011,19,B0D9NLV5B6,MISSHA
2026-10-09,7792268011,31,B0GYDG4H4S,Mizon
2026-10-09,7792268011,33,B0H1TRS1Q3,Cosnori
2026-10-09,7792268011,48,B004R5E12M,Skin79
2026-10-09,7792268011,57,B004R6HIR6,Skin79
2026-10-09,7792268011,66,B0HDD3BDHH,Dear Dahlia
2026-10-09,7792268011,73,B01M5ISR5E,Skin79
2026-10-09,7792268011,76,B0HDD1ZF1R,Dear Dahlia
2026-10-09,7792268011,83,B0GYD7DPNZ,AMUSE
2026-10-09,7792268011,90,B0HDD7B3HY,Dear Dahlia
2026-10-09,7792269011,8,B0F7J295X1,Dr.Jart+
2026-10-09,7792270011,3,B0FMXVSBWQ,Hanskin
2026-10-09,7792270011,5,B0FKT5982T,Hanskin
2026-10-09,7792270011,9,B0FKSP923D,Hanskin
2026-10-09,21190479011,23,B0CN6J9GCL,Etude
2026-10-09,21190479011,58,B097NQJSZP,Too Cool For School
2026-10-09,219523566011,2,B0DZMMBF3J,TIRTIR
2026-10-09,219523566011,15,B0GTZDDKRB,Jung Saem Mool
2026-10-09,7792271011,20,B0H82GKMG4,Espoir
2026-10-09,7792271011,29,B0GJRM4VMB,Banila Co
2026-10-09,7792276011,18,B0GX5TY4VN,Mixsoon
2026-10-09,7792276011,19,B0GY8JN7BR,Jung Saem Mool
2026-10-09,7792276011,26,B0HC1RHDF8,TIRTIR
2026-10-09,7792276011,40,B076VX66DL,Cosnori
2026-10-09,7792276011,49,B0H9QLR5JS,Espoir
2026-10-09,7792276011,52,B0DP5ZMGMW,Beauty of Joseon
2026-10-09,7792276011,74,B0B4S8J5DL,Cosnori
2026-10-09,7792276011,86,B0CCRF2DYV,TIRTIR
2026-10-09,21190478011,6,B09BJCD4QR,hince
2026-10-09,21190478011,18,B09LY4VDZX,Colorgram
2026-10-09,21190478011,49,B0F23LBGQ9,CLIO
2026-10-09,21190478011,68,B0DJLSKSBK,Espoir
2026-10-09,21190478011,97,B0D1W2SL8V,belif
2026-10-09,21190478011,99,B0GTZS7259,Jung Saem Mool
2026-10-09,23504929011,1,B08BZ254B7,Make P:rem
2026-10-09,23504929011,3,B09Y5GSG45,Isntree
2026-10-09,23504929011,4,B0G2Y1NMYH,Jumiso
2026-10-09,23504929011,5,B0G1SVKR73,ma:nyo
2026-10-09,23504929011,15,B095XGL1NM,Sioris
2026-10-09,23504929011,21,B0GGH3WN3M,Banila Co
2026-10-09,23504929011,29,B00IWUXGUQ,SKINFOOD
2026-10-09,23504929011,35,B0H1BVL95T,Make P:rem
2026-10-09,23504929011,51,B0BTH8H387,Sioris
2026-10-09,23504929011,60,B0DKFD3F85,Dr.Melaxin
2026-10-09,23504929011,64,B0BRXGG1X8,Mizon
2026-10-09,23504928011,1,B0BN2PX8V3,Anua
2026-10-09,23504928011,2,B07T5BN3P2,SKIN1004
2026-10-09,23504928011,3,B09N919SS5,Beauty of Joseon
2026-10-09,23504928011,4,B01N5K834V,ma:nyo
2026-10-09,23504928011,5,B0FP176X2H,medicube
2026-10-09,23504928011,6,B0D1Q43KQZ,Beauty of Joseon
2026-10-09,23504928011,7,B0D9TX8G86,SKIN1004
2026-10-09,23504928011,9,B08W1ZHTL3,Haruharu Wonder
2026-10-09,23504928011,10,B00A7I27QA,Sulwhasoo
2026-10-09,23504928011,11,B0943CP9KT,Round Lab
2026-10-09,23504928011,12,B0DRBTCZ9B,Beplain
2026-10-09,23504928011,13,B0GF8DLCRW,medicube
2026-10-09,23504928011,15,B00809ERAM,The Face Shop
2026-10-09,23504928011,16,B0CH9LHYML,Ariul
2026-10-09,23504928011,17,B0GFCNZM2N,medicube
2026-10-09,23504928011,19,B07GYM1DPM,Hanskin
2026-10-09,23504928011,21,B0H9W6PS3T,medicube
2026-10-09,23504928011,24,B0BXL4P558,Mixsoon
2026-10-09,23504928011,25,B0H9VXPDV8,medicube
2026-10-09,23504928011,27,B0F1TRK8S1,BIODANCE
2026-10-09,23504928011,28,B0DG8NJ2SG,numbuzin
2026-10-09,23504928011,29,B07NNZSG2K,iUNIK
2026-10-09,23504928011,30,B0GVMQN2NF,d'Alba
2026-10-09,23504928011,31,B0HBVCT9L8,Dr.Althea
2026-10-09,23504928011,32,B0FHZJJB81,Etude
2026-10-09,23504928011,33,B0BLHDJZNV,Purito
2026-10-09,23504928011,34,B0DZDD8VP5,Laneige
2026-10-09,23504928011,36,B07MX8VZZN,celimax
2026-10-09,23504928011,39,B07PT37RW1,Hanskin
2026-10-09,23504928011,40,B0C7P9WCHC,Primera
2026-10-09,23504928011,43,B0GFC55RJY,medicube
2026-10-09,23504928011,44,B0GJDQZ9JX,d'Alba
2026-10-09,23504928011,50,B0F1SMM39H,Torriden
2026-10-09,23504928011,51,B0H9W3QT7H,medicube
2026-10-09,23504928011,53,B09LCWM6X7,numbuzin
2026-10-09,23504928011,56,B0FKMR6P5F,Lagom
2026-10-09,23504928011,57,B0G1T6Y1NM,Centellian24
2026-10-09,23504928011,63,B0G4CJVRL5,Dr.Althea
2026-10-09,23504928011,65,B0GY4TTWCX,Dr.Melaxin
2026-10-09,23504928011,68,B0D6W2Y1C3,Nooni
2026-10-09,23504928011,69,B0GK6B71RS,medicube
2026-10-09,23504928011,75,B07FMMQZ4D,Dr.Ceuracle
2026-10-09,23504928011,76,B08JYTDZLP,Neogen
2026-10-09,23504928011,81,B0F6MRZ146,VT
2026-10-09,23504928011,85,B0HGXDT9WB,Dr.Althea
2026-10-09,23504928011,87,B0FC4LKF69,TONYMOLY
2026-10-09,23504928011,89,B091XYQFGN,COSRX
2026-10-09,23504928011,90,B0CDNJQGHP,Cosnori
2026-10-09,23504928011,93,B0GYZFN854,numbuzin
2026-10-09,23504928011,96,B0D452SNJ4,Haruharu Wonder
2026-10-09,23504928011,99,B0GF8BZC49,medicube
2026-10-09,23504934011,16,B0C44X5JML,COSRX
2026-10-09,23504934011,19,B0DSZLNPF8,Illiyoon
2026-10-09,23504934011,28,B0FHZJJB81,Etude
2026-10-09,23504934011,38,B0F6T84BZF,Mixsoon
2026-10-09,23504934011,46,B0CX1GCWVX,Rejuran
2026-10-09,23504934011,47,B0G1LH1H2S,The Face Shop
2026-10-09,23504934011,48,B0CYY8L8D9,Anua
2026-10-09,23504934011,51,B07V28NCD3,Banila Co
2026-10-09,23504934011,52,B0DFVZPBK6,Pyunkang Yul
2026-10-09,23504934011,62,B0G1LD6VKL,The Face Shop
2026-10-09,23504934011,82,B08QV3JQ8H,Pyunkang Yul
2026-10-09,23504934011,87,B0H4TTFYWP,AXIS-Y
2026-10-09,23504934011,90,B0FPQS4CK8,Banila Co
2026-10-09,23504933011,3,B0CLGGP723,Dr.Althea
2026-10-09,23504933011,4,B0DCYJY651,Purito
2026-10-09,23504933011,10,B0BHWHM7H7,Unleashia
2026-10-09,23504933011,45,B0F23T27KQ,Banila Co
2026-10-09,23504933011,54,B093KD4V35,Round Lab
2026-10-09,23504931011,1,B0GFCM7SYH,Banila Co
2026-10-09,23504931011,3,B0CTK1TYNG,Dr.Althea
2026-10-09,23504931011,11,B099RN4FCW,Pyunkang Yul
2026-10-09,23504931011,13,B0BG21WM6R,Aprilskin
2026-10-09,23504931011,14,B0GMVMJ9PR,Rejuran
2026-10-09,23504931011,17,B0BBFPX2HD,Heimish
2026-10-09,23504931011,19,B0F2HD785Y,The Face Shop
2026-10-09,23504931011,23,B0DR89BK39,Beplain
2026-10-09,23504931011,24,B0FKS3YR6T,VT
2026-10-09,23504931011,26,B0CWNH9SMY,TIRTIR
2026-10-09,23504931011,46,B0GFY35CZL,I'm From
2026-10-09,23504931011,72,B0G4LV1GP3,belif
2026-10-09,23504931011,99,B0F17GH74Y,CNP
2026-10-09,23504930011,4,B07KG2XX67,The Face Shop
2026-10-09,23504930011,29,B0DDNZYPVB,Ariul
2026-10-09,23504930011,35,B0118YU9G6,SKINFOOD
2026-10-09,23504930011,36,B0CPP9B1Q3,Needly
2026-10-09,23504930011,54,B0DDPJW7LK,Ariul
2026-10-09,23504930011,59,B0H1B4Q8GV,Ariul
2026-10-09,23504930011,83,B0CSFN2WP5,Pyunkang Yul
2026-10-09,23504932011,2,B0B884JBNQ,SKIN1004
2026-10-09,23504932011,9,B0B7XFYR23,SKIN1004
2026-10-09,23504932011,11,B09C1XCXVS,SKIN1004
2026-10-09,23504932011,27,B0BB7TZJPN,numbuzin
2026-10-09,23504932011,48,B0F1Y821G8,Beplain
2026-10-09,23504932011,49,B0F2RXFNKX,Ariul
2026-10-09,23504932011,51,B072C4DKSR,Nooni
2026-10-09,23504932011,60,B0FXLLFXH5,Nature Republic
2026-10-09,23504932011,84,B0HC1TTT19,TIRTIR
2026-10-09,23504932011,92,B0GYD5TR3J,Banila Co
2026-10-09,23598834011,21,B082KGYSFC,ohora
2026-10-09,17269950011,54,B0CLDCF5CT,ohora
2026-10-09,17269950011,65,B0BKPD7DS7,ohora
2026-10-09,16228309011,11,B0D1XLXSSY,medicube
2026-10-09,16228309011,80,B0DG6KNXHL,Espoir
2026-10-09,7792636011,4,B0D1G6H86V,medicube
2026-10-09,7792636011,5,B0D663VWFC,COSRX
2026-10-09,7792636011,7,B0H1C2BCYM,medicube
2026-10-09,7792636011,11,B0GZ34MXJR,Anua
2026-10-09,7792636011,18,B0GHSNKQDZ,SKIN1004
2026-10-09,7792636011,24,B0H1W18X89,medicube
2026-10-09,7792636011,27,B0F8VK8K98,Mixsoon
2026-10-09,7792636011,30,B0FJRVSGQ2,BIODANCE
2026-10-09,7792636011,31,B0HCZRJBQS,medicube
2026-10-09,7792636011,33,B0HHRPY9YH,BIODANCE
2026-10-09,7792636011,34,B0HDCNV7CJ,celimax
2026-10-09,7792636011,37,B0DB6D3L9N,The Face Shop
2026-10-09,7792636011,38,B0BXWXTKF7,Torriden
2026-10-09,7792636011,44,B0GWM1HZXD,Anua
2026-10-09,7792636011,45,B0G6D4BXNQ,Meditherapy
2026-10-09,7792636011,55,B0G4XSW2ND,Laneige
2026-10-09,7792636011,63,B0DT468CJC,Pyunkang Yul
2026-10-09,7792636011,66,B0FPCXK2HK,medicube
2026-10-09,7792636011,67,B0H3C4G387,medicube
2026-10-09,7792636011,68,B0H94HGG2S,Etude
2026-10-09,7792636011,69,B0F47M3RDZ,Bring Green
2026-10-09,7792636011,72,B0HHN1YLK7,Sungboon Editor
2026-10-09,7792636011,74,B0DSZW144Q,medicube
2026-10-09,7792636011,78,B0H6B1QQKL,Dr.Melaxin
2026-10-09,7792636011,80,B083Q4H5NB,Some By Mi
2026-10-09,7792636011,81,B0G8D6Q4RX,Haruharu Wonder
2026-10-09,7792636011,85,B0FC5BPG6F,TONYMOLY
2026-10-09,7792636011,86,B0GYX2NZTG,Mixsoon
2026-10-09,7792636011,87,B0HDT6HH39,Klairs
2026-10-09,7792636011,92,B0HKJQ6YZZ,Sungboon Editor
2026-10-09,7792636011,94,B0H4VP71BG,Sungboon Editor
2026-10-09,7792636011,95,B0DB6DZHXF,The Face Shop
2026-10-09,7792636011,97,B0H3C2QK23,medicube
2026-10-09,7792636011,98,B0H4G9GJJ5,medicube
2026-10-09,21604974011,6,B0CVQKYGXQ,Koelf
2026-10-09,21604974011,22,B0CC98F5ZF,Mediheal
2026-10-09,21604974011,27,B0FDW19Y7P,Koelf
2026-10-09,21604974011,42,B07ZSBW182,TONYMOLY
2026-10-09,7730087011,1,B0GHMZXX8Y,medicube
2026-10-09,7730087011,2,B09SZ5JX2Y,d'Alba
2026-10-09,7730087011,3,B0DDC3QGJL,KAHI
2026-10-09,7730087011,6,B0F28NKKW7,VT
2026-10-09,7730087011,10,B0GD16JZTH,Dr.Melaxin
2026-10-09,7730087011,11,B0CRS69LTB,belif
2026-10-09,7730087011,12,B0GWX2QQ3Q,medicube
2026-10-09,7730087011,15,B0F67B33PQ,Round Lab
2026-10-09,7730087011,25,B0F1S2N2XS,the SAEM
2026-10-09,7730087011,32,B0DZXBS9YV,belif
2026-10-09,7730087011,34,B0GWWV5QCK,medicube
2026-10-09,7730087011,39,B0GTTFSX9T,Dr.Melaxin
2026-10-09,7730087011,42,B0H6J3F4CY,medicube
2026-10-09,7730087011,51,B0H3976517,medicube
2026-10-09,7730087011,61,B0H393NCB9,medicube
2026-10-09,7730087011,68,B0CG82ZGCD,TONYMOLY
2026-10-09,7730087011,72,B0C1GHV5VK,KAHI
2026-10-09,7730098011,1,B0DWMSM6Y9,medicube
2026-10-09,7730098011,2,B0B45LL4DD,Beauty of Joseon
2026-10-09,7730098011,5,B0BLCZH72Z,Innisfree
2026-10-09,7730098011,10,B0CWPCX1D2,AXIS-Y
2026-10-09,7730098011,16,B0D4YPT6QW,Etude
2026-10-09,7730098011,30,B0G64C6NM4,Dr.Althea
2026-10-09,7730098011,33,B0DZXKWC5X,belif
2026-10-09,7730098011,39,B0CYL7DF6J,Dr.Melaxin
2026-10-09,7730098011,44,B08VS5M4HZ,Benton
2026-10-09,7730098011,47,B0FJFSTCHP,Mixsoon
2026-10-09,7730098011,50,B0G1TDS2R9,medicube
2026-10-09,7730098011,53,B0C369JC5H,Skin&Lab
2026-10-09,7730098011,59,B0GK4Y7J3N,Innisfree
2026-10-09,7730098011,68,B0GLWVN5XD,Sulwhasoo
2026-10-09,7730098011,74,B0G1TV7K2W,medicube
2026-10-09,7730098011,79,B0GFD55213,medicube
2026-10-09,7730092011,3,B0D8NB84XK,belif
2026-10-09,7730092011,7,B0FKBKWBTV,Abib
2026-10-09,7730092011,24,B07Y2VFG86,Mizon
2026-10-09,7730092011,63,B007XDVXVM,Skin&Lab
2026-10-09,7730092011,67,B0FHC96XMG,belif
2026-10-09,7730099011,2,B0CYKRBVWC,Dr.Melaxin
2026-10-09,7730099011,7,B0D62M73LC,Mediheal
2026-10-09,7730099011,9,B0GKP83W7W,COSRX
2026-10-09,7730099011,13,B0B89PF9P6,TONYMOLY
2026-10-09,7730099011,16,B0HF1WQF8R,medicube
2026-10-09,7730099011,18,B0FWCDZD4H,Anua
2026-10-09,7730099011,22,B0GW8CPSQQ,Torriden
2026-10-09,7730099011,25,B0GW87HS3P,Torriden
2026-10-09,7730099011,27,B0GQZ8VDNW,VT
2026-10-09,7730099011,28,B0F6LV7P1Q,numbuzin
2026-10-09,7730099011,29,B0G48SXDV7,Centellian24
2026-10-09,7730099011,37,B0DJ99G786,SNP
2026-10-09,7730099011,38,B0DJGHS5QY,Isoi
2026-10-09,7730099011,51,B0FC33LQ69,TONYMOLY
2026-10-09,7730099011,52,B0H7WW82DF,medicube
2026-10-09,7730099011,81,B07Y2VBJM3,Mizon
2026-10-09,7730099011,94,B0HJGQKNPD,Anua
2026-10-09,7730090011,1,B0G48T5CM2,Centellian24
2026-10-09,7730090011,2,B0CNBYGNNL,Dr.Melaxin
2026-10-09,7730090011,6,B0H2CL87TC,BIODANCE
2026-10-09,7730090011,9,B0D9GFY6ZM,Anua
2026-10-09,7730090011,13,B0FQG4FQ22,VT
2026-10-09,7730090011,15,B0C88XF2ZW,Dr.Melaxin
2026-10-09,7730090011,16,B0F4R939KD,numbuzin
2026-10-09,7730090011,19,B0GR1491KV,numbuzin
2026-10-09,7730090011,21,B07ZRF416W,COSRX
2026-10-09,7730090011,32,B09ZB7GDJL,Haruharu Wonder
2026-10-09,7730090011,65,B0GPVQDJBZ,d'Alba
2026-10-09,7730090011,66,B0CFL7LS43,SKIN1004
2026-10-09,7730090011,69,B0987DJDSG,Mary&May
2026-10-09,7730090011,72,B09KC44MGK,Etude
2026-10-09,7730090011,73,B08TWHXNCD,TIRTIR
2026-10-09,7730090011,75,B0CV4XS48P,SKIN1004
2026-10-09,7730090011,89,B0GRZKY65N,Dr.Melaxin
2026-10-09,7730090011,98,B0G24S1PD9,Sungboon Editor
2026-10-09,7730090011,99,B0HKH712W2,BIODANCE
2026-10-09,23627242011,15,B0C348XQHX,Laneige
2026-10-09,17911766011,4,B07NBJCLSC,Illiyoon
2026-10-09,17911767011,1,B01I2ZQJSG,Elizavecca
2026-10-09,17911767011,4,B0BLT7NY2M,Unove
2026-10-09,17911767011,5,B0F9WQXBRB,COSRX
2026-10-09,17911767011,14,B0BN47XH5B,Mise en scène
2026-10-09,17911767011,23,B09QLSBD9L,Elizavecca
2026-10-09,17911767011,26,B00T5FUV7S,Elizavecca
2026-10-09,17911767011,29,B0171KWVJO,Elizavecca
2026-10-09,17911767011,44,B0DG8Z2DF2,Elizavecca
2026-10-09,17911767011,67,B0CXHTSMMG,Mise en scène
2026-10-09,17911767011,72,B0D962PWS2,Amos Professional
2026-10-09,17911767011,90,B0C8SYBQY6,Mise en scène
2026-10-09,16262041011,1,B0CGSLVL8T,Dr.Groot
2026-10-09,16262041011,7,B0FY6DB6MR,medicube
2026-10-09,16262041011,10,B0DLCQZ85Y,Dr.Groot
2026-10-09,16262041011,12,B0GJ4Z3C3L,Dr.Forhair
2026-10-09,16262041011,15,B0D5GKBNY3,Ryo
2026-10-09,16262041011,21,B0GMHLMFM8,Ryo
2026-10-09,16262041011,32,B0B7CSVZ48,Dr.Forhair
2026-10-09,16262041011,44,B0CZYS759R,Dr.Groot
2026-10-09,16262041011,64,B0D95T38BJ,Amos Professional
2026-10-09,16262041011,77,B0H6HYDQTF,medicube
2026-10-09,16262041011,81,B08Q7B2V18,Some By Mi
2026-10-09,16262042011,2,B0DK263J67,Dr.Groot
2026-10-09,16262042011,9,B0FY6FKGZM,medicube
2026-10-09,16262042011,11,B0D5GKJFJ3,Ryo
2026-10-09,16262042011,32,B0GHPVCL9C,Dr.Forhair
2026-10-09,16262042011,33,B0D95F2CKK,Aromatica
2026-10-09,16262044011,9,B0GMHP5TXD,Ryo
2026-10-09,16262044011,12,B0GJ4SP6TQ,Dr.Forhair
2026-10-09,16262044011,14,B07KCFRSJD,Dr.Forhair
2026-10-09,16262044011,19,B0H3K8KKQ1,Ryo
2026-10-09,16262044011,44,B0FJRR4WRJ,Sungboon Editor
2026-10-09,16262044011,82,B0DM2KBG38,Dr.Groot
2026-10-09,7792493011,21,B0FCF2CD1K,medicube
2026-10-09,13861662011,1,B0GS8YKMN3,medicube
2026-10-09,13861662011,5,B0GCY2WFDV,medicube
2026-10-09,13861662011,20,B0H7RLFKX6,medicube
2026-10-09,13861662011,33,B0DHKK1DN6,medicube
2026-10-09,13861662011,37,B0CWK6YQ7V,medicube
2026-10-09,13861662011,72,B0GTPZ5QW5,medicube
2026-10-09,13861662011,81,B0H7RDWPN8,medicube
2026-10-09,13861662011,83,B0H7RRXBPS,medicube
2026-10-09,18065340011,1,B0FFF3757L,medicube
2026-10-09,18065340011,33,B0CZ8THK76,Aprilskin
2026-10-09,18065340011,91,B08YDSJQXS,Aprilskin
2026-10-09,21481429011,6,B0GG8Q31R3,Dr.Melaxin
2026-10-09,21481429011,30,B0DK88TJST,Sungboon Editor
2026-10-09,16228321011,15,B0FFG2D7FF,Cosnori
2026-10-09,16228317011,39,B0CFLCYLHM,Espoir
2026-10-09,17269961011,1,B0D9VVQSW9,ohora
2026-10-09,17269961011,4,B09M5L7Q59,ohora
2026-10-09,17269961011,7,B0BKRKMZ22,ohora
2026-10-09,17269961011,8,B0FK4YLSLK,ohora
2026-10-09,17269961011,10,B0BKRKZVKC,ohora
2026-10-09,17269961011,11,B09M5BSPWB,ohora
2026-10-09,17269961011,15,B0FN3YW7J6,ohora
2026-10-09,17269961011,17,B0CBS1QNBJ,ohora
2026-10-09,17269961011,34,B0BKRKCMG2,ohora
2026-10-09,17269961011,38,B09VLBYJSK,ohora
2026-10-09,17269961011,59,B09LLN1FZZ,ohora
2026-10-09,17269961011,71,B0C9DCXGJ8,ohora
2026-10-09,17269961011,73,B08X8RHCZ7,ohora
2026-10-09,17269961011,77,B0BKRNCNCK,ohora
2026-10-09,17269961011,84,B0BKRL4NZS,ohora
2026-10-09,17269961011,86,B0BKRMSTYY,ohora
2026-10-09,17269959011,9,B0HDNZDQDJ,ohora
2026-10-09,17269959011,33,B0HDP8NW1S,ohora
2026-10-09,17269959011,67,B0CMZKZ2DG,ohora
2026-10-09,17269958011,1,B0FK4B8PWL,ohora
2026-10-09,17269958011,2,B09Z9X5BZ3,ohora
2026-10-09,17269958011,6,B0HDMRJ79G,ohora
2026-10-09,17269958011,8,B084FWPQYG,ohora
2026-10-09,17269958011,11,B0H3NGN7QC,ohora
2026-10-09,17269958011,15,B0H9WBHLN4,ohora
2026-10-09,17269958011,48,B09WRRHBYW,ohora
2026-10-09,17269958011,72,B08WLF8TKL,ohora
2026-10-09,17269958011,73,B0HDMYSFDQ,ohora
2026-10-09,17269958011,80,B0HDNDKSGK,ohora
2026-10-09,17269953011,25,B09M5BSPWB,ohora
2026-10-09,17269953011,44,B08XBCGLYW,ohora
2026-10-09,17269953011,82,B0H6M5WR2N,ohora
2026-10-09,17269951011,27,B0CLDCF5CT,ohora
2026-10-09,17269951011,34,B0BKPD7DS7,ohora
2026-10-09,21579733011,47,B0HDC5BMBK,ohora
2026-10-09,21579733011,74,B08X8JQ26V,ohora
2026-10-09,21579733011,85,B09WRR43PY,ohora
2026-10-09,7792275011,3,B0CC2HZ8WL,d'Alba
2026-10-09,7792275011,22,B0B5DKJ8TS,COSRX
2026-10-09,7792275011,35,B09Z81FRRF,Abib
2026-10-09,7792275011,36,B07GR1JDBT,Klairs
2026-10-09,7792275011,47,B0CM8M8HP8,COSRX
2026-10-09,7792275011,63,B082Q511CV,Physiogel
2026-10-09,7792275011,86,B093K6F5ZD,SKIN1004
2026-10-09,7792275011,88,B0F89YXXN2,Hanyul
2026-10-09,7792275011,95,B095W5TRX6,Dr.Different
2026-10-09,7792277011,1,B0GVQ6NYR3,medicube
2026-10-09,7792277011,2,B0GKFD9ZQW,Anua
2026-10-09,7792277011,3,B0FQBL8S3K,eqqualberry
2026-10-09,7792277011,8,B0DK8JTL6S,Sungboon Editor
2026-10-09,7792277011,10,B0H75B6Z8J,eqqualberry
2026-10-09,7792277011,14,B0FWCG5SF3,Anua
2026-10-09,7792277011,15,B0CNC4FM93,Dr.Melaxin
2026-10-09,7792277011,17,B0HB9CM2GD,medicube
2026-10-09,7792277011,19,B0HCN99QHN,Sungboon Editor
2026-10-09,7792277011,25,B0CNBTDN3W,Dr.Melaxin
2026-10-09,7792277011,26,B0HGDZNVVZ,numbuzin
2026-10-09,7792277011,41,B0H7W7LKK7,medicube
2026-10-09,7792277011,49,B0H7WG63HK,medicube
2026-10-09,7792277011,80,B09Z35KP14,Isoi
2026-10-09,7792277011,84,B09YH62J2D,Isoi
2026-10-09,7792277011,97,B0CPKYCDJC,Skin&Lab
2026-10-09,16479981011,1,B0DWFLY18Y,Anua
2026-10-09,16479981011,3,B0DGPSZVW3,medicube
2026-10-09,16479981011,4,B077RTL1HJ,Illiyoon
2026-10-09,16479981011,6,B0D2Z3GGCY,medicube
2026-10-09,16479981011,7,B0FKGJYFC8,Dr.Althea
2026-10-09,16479981011,8,B0DFY92NDB,Centellian24
2026-10-09,16479981011,12,B0BPXT3GBN,medicube
2026-10-09,16479981011,13,B09YDCCJBJ,Aestura
2026-10-09,16479981011,15,B0D4Y6MNTF,Purito
2026-10-09,16479981011,16,B01LEJ5MSK,COSRX
2026-10-09,16479981011,17,B0FS7QVSVC,Centellian24
2026-10-09,16479981011,18,B0DHKSF81K,celimax
2026-10-09,16479981011,19,B0BTPGPK7H,SKIN1004
2026-10-09,16479981011,28,B0GPPRTD32,Dr.Althea
2026-10-09,16479981011,31,B08WJQ3XJD,Beauty of Joseon
2026-10-09,16479981011,37,B0CNJ1Z2GL,Laneige
2026-10-09,16479981011,38,B0DKNP4TL6,medicube
2026-10-09,16479981011,46,B0FVY91T1Q,Centellian24
2026-10-09,16479981011,47,B0DJ8FQDYL,Centellian24
2026-10-09,16479981011,54,B091PN6NPT,Etude
2026-10-09,16479981011,63,B0DYNQ393Y,COSRX
2026-10-09,16479981011,65,B072FH17NJ,COSRX
2026-10-09,16479981011,66,B0D8HMWWRG,Anua
2026-10-09,16479981011,69,B0BCK9G74Q,medicube
2026-10-09,16479981011,72,B097PDX6JN,Torriden
2026-10-09,16479981011,75,B0DCBPWGBS,Anua
2026-10-09,16479981011,78,B0FX7W6QNB,medicube
2026-10-09,16479981011,80,B09GP95FQP,Mixsoon
2026-10-09,16479981011,81,B0CW7M2VBN,Innisfree
2026-10-09,16479981011,88,B0CRS3N43Q,belif
2026-10-09,16479981011,95,B0FKT4PMV3,BIODANCE
2026-10-09,16479981011,97,B0CRS3F86T,belif
2026-10-09,16479981011,100,B0FCMH43M9,VT
2026-10-09,15239989011,1,B0FVT77ZLL,Anua
2026-10-09,15239989011,2,B0BFQ9RD5B,d'Alba
2026-10-09,15239989011,3,B0GF86QJK7,BIODANCE
2026-10-09,15239989011,4,B0FYN9CJKC,medicube
2026-10-09,15239989011,5,B0FMWPNKJR,Dr.Althea
2026-10-09,15239989011,9,B0CNJ7FXH4,Laneige
2026-10-09,15239989011,12,B0HD5TZZR3,d'Alba
2026-10-09,15239989011,13,B0FP15Q4RK,medicube
2026-10-09,15239989011,14,B09BHSJQHB,Aestura
2026-10-09,15239989011,19,B0H6H5P4K2,Dr.Althea
2026-10-09,15239989011,26,B0H4QPP5LB,fwee
2026-10-09,15239989011,29,B0G2BSJ684,Haruharu Wonder
2026-10-09,15239989011,30,B0GN8L3VRN,Anua
2026-10-09,15239989011,32,B0G1YFSPYS,d'Alba
2026-10-09,15239989011,36,B0GXF597T7,Anua
2026-10-09,15239989011,42,B0CQKVC9J4,Jung Saem Mool
2026-10-09,15239989011,44,B0F3HXJ8Q5,VT
2026-10-09,15239989011,45,B0BL3NN8CT,d'Alba
2026-10-09,15239989011,48,B0GBTDS343,Anua
2026-10-09,15239989011,49,B0FNWC39SH,COSRX
2026-10-09,15239989011,64,B0FS14HRMY,Dr.Althea
2026-10-09,15239989011,74,B08KQFTDH9,d'Alba
2026-10-09,15239989011,76,B0GKY42L9P,Bioheal Boh
2026-10-09,15239989011,84,B0CJF85J67,Sungboon Editor
2026-10-09,15239989011,88,B0HF888JX5,Klairs
2026-10-09,15239989011,91,B07QPB2R8N,Haruharu Wonder
2026-10-09,15239989011,94,B0DC68VMXG,Bioheal Boh
2026-10-09,7792527011,5,B0B5DHH6S4,COSRX
2026-10-09,7792527011,52,B07QQDLXV7,Haruharu Wonder
2026-10-09,7730193011,1,B0DYTQ5GYQ,medicube
2026-10-09,7730193011,7,B0BVV8BNYJ,Anua
2026-10-09,7730193011,15,B08FMCMGN6,Round Lab
2026-10-09,7730193011,30,B00FJ2LU2Q,The Face Shop
2026-10-09,7730193011,37,B0FPQNL9K7,Anua
2026-10-09,7730193011,43,B0CX2QR1HR,Innisfree
2026-10-09,7730193011,50,B09JBJDFHH,SKIN1004
2026-10-09,7730193011,51,B0D9TX8G86,SKIN1004
2026-10-09,7730193011,52,B0DRBKTCL1,Beplain
2026-10-09,7730193011,55,B00AMXG15I,Sulwhasoo
2026-10-09,7730193011,58,B0CMPSYW3M,Anua
2026-10-09,7730193011,75,B092PTSDB4,Etude
2026-10-09,7730193011,79,B0B3R661JP,Beauty of Joseon
2026-10-09,7730193011,81,B0CX2MJ6M2,Innisfree
2026-10-09,7730193011,86,B0CMQ7B68P,Mixsoon
2026-10-09,7730193011,91,B09BHQPYN4,Aestura
2026-10-09,7792936011,6,B0179IBBEE,COSRX
2026-10-09,7792936011,22,B076DDR998,COSRX
2026-10-09,7792936011,51,B0CKSYB7HF,Mediheal
2026-10-09,7792936011,56,B0CQHKWQM4,COSRX
2026-10-09,7792936011,71,B0B15P2GZY,VT
2026-10-09,7792936011,83,B084L1KTFB,COSRX
2026-10-09,7792936011,90,B0CDBX6YBB,Mediheal
2026-10-09,7792936011,94,B098DJJVFM,COSRX
2026-10-09,7792528011,1,B0DBF65JYY,medicube
2026-10-09,7792528011,2,B0DG1DQ2S7,Anua
2026-10-09,7792528011,3,B0DK4Y2YP3,celimax
2026-10-09,7792528011,4,B0D16L5F2M,medicube
2026-10-09,7792528011,5,B0GCC2JV65,medicube
2026-10-09,7792528011,6,B00PBX3L7K,COSRX
2026-10-09,7792528011,7,B0FGQ3J31K,eqqualberry
2026-10-09,7792528011,8,B0DG4WXBCF,Meditherapy
2026-10-09,7792528011,9,B0CLLV2T1P,Anua
2026-10-09,7792528011,13,B0CCJ3SRB9,COSRX
2026-10-09,7792528011,14,B0D8W1YVBX,eqqualberry
2026-10-09,7792528011,15,B06Y15D1LH,SKIN1004
2026-10-09,7792528011,17,B07WZ2YTDP,Torriden
2026-10-09,7792528011,21,B0DLB58CWR,Anua
2026-10-09,7792528011,22,B0D8W2W8C2,eqqualberry
2026-10-09,7792528011,24,B0GS1DYZHG,Sungboon Editor
2026-10-09,7792528011,25,B0DLKGLBPG,numbuzin
2026-10-09,7792528011,26,B0C2TQ24VY,VT
2026-10-09,7792528011,29,B0CRDQPLCM,Sungboon Editor
2026-10-09,7792528011,34,B08BZCY3Y1,Rejuran
2026-10-09,7792528011,35,B0FT7TKN36,medicube
2026-10-09,7792528011,39,B07NNVZNQR,iUNIK
2026-10-09,7792528011,41,B0GV2J43Q9,SKIN1004
2026-10-09,7792528011,44,B09DLFCB69,Beauty of Joseon
2026-10-09,7792528011,45,B0H3KJ25GN,medicube
2026-10-09,7792528011,50,B0FKSM8L9H,BIODANCE
2026-10-09,7792528011,51,B0FR4QYNK5,medicube
2026-10-09,7792528011,54,B0FPFDSC7X,medicube
2026-10-09,7792528011,56,B0DZGKNPRB,Beauty of Joseon
2026-10-09,7792528011,58,B0FG7VLJKG,medicube
2026-10-09,7792528011,59,B0D9W15N21,Dr.Melaxin
2026-10-09,7792528011,60,B0FG38CL5H,d'Alba
2026-10-09,7792528011,61,B0D54G6811,Anua
2026-10-09,7792528011,62,B085VWWJJT,medicube
2026-10-09,7792528011,64,B0DGLCRZZ3,Dr.Althea
2026-10-09,7792528011,70,B0FM23ZR4H,Jumiso
2026-10-09,7792528011,71,B08ZXVVY8M,Mixsoon
2026-10-09,7792528011,72,B0CRKPZ9PQ,VT
2026-10-09,7792528011,76,B0GMPMZB3G,Abib
2026-10-09,7792528011,79,B0GWLKCFSM,Purito
2026-10-09,7792528011,81,B0GGGCV238,Goodal
2026-10-09,7792528011,86,B0C61FD7P9,numbuzin
2026-10-09,7792528011,88,B0FWQGLTQV,COSRX
2026-10-09,7792528011,89,B0H4G5TBGM,BIODANCE
2026-10-09,7792528011,97,B0GK11JYNC,Klairs
2026-10-09,7792528011,99,B0BSLFPGXT,TIRTIR
2026-10-09,7792926011,1,B0DJPB7H94,Dr.Melaxin
2026-10-09,7792926011,5,B0FPC99SSJ,medicube
2026-10-09,7792926011,7,B08ZN13FNL,ma:nyo
2026-10-09,7792926011,14,B0G11YSHWN,medicube
2026-10-09,7792926011,17,B09KH1NN7B,Beauty of Joseon
2026-10-09,7792926011,21,B0BRR9S1NN,Dr.G
2026-10-09,7792926011,24,B07MG4J44D,celimax
2026-10-09,7792926011,27,B0FWR99WNV,Mediheal
2026-10-09,7792926011,30,B08RYC42CZ,Aprilskin
2026-10-09,7792926011,31,B0B565BHXK,Aprilskin
2026-10-09,7792926011,33,B0FT3K7B2Y,Centellian24
2026-10-09,7792926011,46,B0CGJBNV5C,celimax
2026-10-09,7792926011,47,B0BVVJYVBK,Anua
2026-10-09,7792926011,50,B0GWL13NZD,COSRX
2026-10-09,7792926011,54,B09218CPVB,COSRX
2026-10-09,7792926011,55,B0FSKDKKL4,Dr.Melaxin
2026-10-09,7792926011,63,B0GF84FPXV,Dr.Melaxin
2026-10-09,7792926011,64,B0GXXQHBLR,MISSHA
2026-10-09,7792926011,65,B0GL83PTCL,I'm From
2026-10-09,7792926011,66,B0GFD2P92J,medicube
2026-10-09,7792926011,67,B019RTEKO6,Neogen
2026-10-09,7792926011,68,B0H6ZGQQL2,celimax
2026-10-09,7792926011,72,B0CJ92P643,COSRX
2026-10-09,7792926011,78,B08RDB7VWM,Aprilskin
2026-10-09,7792926011,85,B0FSK9F16B,Dr.Melaxin
2026-10-09,7792926011,87,B0GGDV24DX,medicube
2026-10-09,7792926011,95,B07D9W93D4,Pyunkang Yul
2026-10-09,19171614011,63,B0G12V3QBN,ohora
2026-10-09,19171615011,72,B09S374DV7,Cosnori
2026-10-09,15239990011,13,B0G4J6DH4W,Anua
2026-10-09,15239990011,54,B0BZ3Q4ZD9,Haruharu Wonder
2026-10-09,15239990011,63,B0BG96C9KG,belif
2026-10-09,15239990011,64,B0GXB74B61,Tocobo
2026-10-09,15239990011,73,B0H9C6FDG4,medicube
2026-10-09,15239990011,87,B0H7J2698N,Dr.Althea
2026-10-09,7792567011,1,B0FXH5LHN8,SKIN1004
2026-10-09,7792567011,5,B0DKJ3BX2F,d'Alba
2026-10-09,7792567011,7,B0FPQGLYK9,medicube
2026-10-09,7792567011,8,B0C45CK57M,Abib
2026-10-09,7792567011,9,B0H7WYBCQJ,Beauty of Joseon
2026-10-09,7792567011,11,B0FQ531HJL,Round Lab
2026-10-09,7792567011,12,B0DWSL3ZBQ,Anua
2026-10-09,7792567011,18,B0GR23K9GY,Innisfree
2026-10-09,7792567011,23,B09ZY7468X,COSRX
2026-10-09,7792567011,29,B0GPPMKQWG,Tocobo
2026-10-09,7792567011,42,B0DK4MXPMD,Round Lab
2026-10-09,7792567011,43,B0GWFQZTQD,Innisfree
2026-10-09,7792567011,58,B0F2HL5XPT,Round Lab
2026-10-09,7792567011,61,B0H86VC62C,Beauty of Joseon
2026-10-09,7792567011,66,B0DNS7RJHX,d'Alba
2026-10-09,7792567011,67,B0CVQR5BSK,Innisfree
2026-10-09,7792567011,68,B0C7B55GS3,Isntree
2026-10-09,7792567011,72,B0G7SVS6YV,Mixsoon
2026-10-09,7792567011,74,B0GY14XSSW,celimax
2026-10-09,7792567011,92,B0FLXTFPY1,Anua
2026-10-09,7792567011,93,B0H4TLVRBG,Purito
2026-10-09,7792567011,94,B0FP2CWLGJ,d'Alba
2026-10-09,7792497011,19,B0CZ8THK76,Aprilskin
2026-10-09,7792497011,49,B08YDSJQXS,Aprilskin
2026-10-10,beauty,1,B09V7Z4TJG,medicube
2026-10-10,beauty,2,B0B2RM68G2,BIODANCE
2026-10-10,beauty,3,B0GHMZXX8Y,medicube
2026-10-10,beauty,4,B0DWFLY18Y,Anua
2026-10-10,beauty,10,B0DGTMR754,medicube
2026-10-10,beauty,11,B0DGPSZVW3,medicube
2026-10-10,beauty,14,B0FVT77ZLL,Anua
2026-10-10,beauty,15,B0DBF65JYY,medicube
2026-10-10,beauty,18,B0DG1DQ2S7,Anua
2026-10-10,beauty,19,B0GD6R7CFJ,BIODANCE
2026-10-10,beauty,20,B0DYTQ5GYQ,medicube
2026-10-10,beauty,23,B077RTL1HJ,Illiyoon
2026-10-10,beauty,24,B0BRMYHMS5,medicube
2026-10-10,beauty,25,B07XXPHQZK,Laneige
2026-10-10,beauty,28,B0G38FGSKL,medicube
2026-10-10,beauty,30,B0DSLXS4G9,Laneige
2026-10-10,beauty,33,B0DK4Y2YP3,celimax
2026-10-10,beauty,37,B0GVQ6NYR3,medicube
2026-10-10,beauty,40,B0D2Z3GGCY,medicube
2026-10-10,beauty,42,B0FKGJYFC8,Dr.Althea
2026-10-10,beauty,46,B0D16L5F2M,medicube
2026-10-10,beauty,50,B0DFY92NDB,Centellian24
2026-10-10,beauty,53,B0GCC2JV65,medicube
2026-10-10,beauty,54,B07DY2QRF6,Laneige
2026-10-10,beauty,59,B0FXH5LHN8,SKIN1004
2026-10-10,beauty,61,B0DWMSM6Y9,medicube
2026-10-10,beauty,64,B0BFQ9RD5B,d'Alba
2026-10-10,beauty,66,B00PBX3L7K,COSRX
2026-10-10,beauty,68,B0FGQ3J31K,eqqualberry
2026-10-10,beauty,69,B0B45LL4DD,Beauty of Joseon
2026-10-10,beauty,70,B0GKFD9ZQW,Anua
2026-10-10,beauty,79,B0DG4WXBCF,Meditherapy
2026-10-10,beauty,84,B0CLLV2T1P,Anua
2026-10-10,3761351,2,B07XXPHQZK,Laneige
2026-10-10,3761351,3,B07DY2QRF6,Laneige
2026-10-10,3761351,7,B0BWX6NZLT,Nooni
2026-10-10,3761351,30,B0FWCF61VF,Anua
2026-10-10,3761351,34,B0FLPNFD5L,Illiyoon
2026-10-10,3761351,38,B0CKV7JNFX,Nature Republic
2026-10-10,3761351,74,B0B9HPYZJH,Laneige
2026-10-10,3761351,75,B0CZXG68J4,CNP
2026-10-10,3761351,80,B0GKNKLZ7K,Haruharu Wonder
2026-10-10,3761351,98,B0DTYWQ359,medicube
2026-10-10,3781911,11,B079V262GN,Dashu
2026-10-10,3784921,26,B09NNBKF15,SKIN1004
2026-10-10,3799601,26,B09NNGVFYV,Kundal
2026-10-10,11055991,60,B0FGXR8D12,medicube
2026-10-10,11056281,7,B0FNWJFQFM,medicube
2026-10-10,11056281,76,B087LYWWW4,Some By Mi
2026-10-10,11056291,5,B0FNWJFQFM,medicube
2026-10-10,11056291,51,B087LYWWW4,Some By Mi
2026-10-10,11056471,2,B0FR89KK44,medicube
2026-10-10,11056471,11,B0GGYG8L55,medicube
2026-10-10,11056491,36,B0FGXR8D12,medicube
2026-10-10,11056581,11,B0HCZKR164,medicube
2026-10-10,11056581,82,B0HKS29YNR,medicube
2026-10-10,11057241,9,B081JHTPKP,Mise en scène
2026-10-10,11057241,91,B0CGSLVL8T,Dr.Groot
2026-10-10,11057441,38,B08D5XN8R4,Kundal
2026-10-10,11057441,45,B0BN3WXMGN,Mise en scène
2026-10-10,11057441,70,B0GN287VNX,medicube
2026-10-10,11057581,28,B0DK22L979,Dr.Groot
2026-10-10,11057581,35,B09QKR5RPT,Elizavecca
2026-10-10,11057581,39,B0F6GTGQ4X,Dr.Groot
2026-10-10,11057581,73,B0DNLMNTH2,Dr.Groot
2026-10-10,11057841,4,B081JHTPKP,Mise en scène
2026-10-10,11058091,54,B0H293BM5T,medicube
2026-10-10,11058121,18,B0H293BM5T,medicube
2026-10-10,11058281,6,B0DSLXS4G9,Laneige
2026-10-10,11058281,37,B0BN2PX8V3,Anua
2026-10-10,11058281,47,B0CPYD5CFQ,Etude
2026-10-10,11058281,49,B07T5BN3P2,SKIN1004
2026-10-10,11058281,55,B09LCMQM44,TIRTIR
2026-10-10,11058281,57,B002BADJVE,MISSHA
2026-10-10,11058281,64,B0D34BYX7J,CLIO
2026-10-10,11058281,68,B0DZMMBF3J,TIRTIR
2026-10-10,11058281,76,B0DHWFT182,Laneige
2026-10-10,11058281,82,B0GF21LCW2,LAKA
2026-10-10,11058331,23,B0CPYD5CFQ,Etude
2026-10-10,11058331,28,B0D34BYX7J,CLIO
2026-10-10,11058361,13,B0CT2J3S2H,CLIO
2026-10-10,11058451,38,B0C92RLGRF,Espoir
2026-10-10,11058451,41,B0GL8C1789,Etude
2026-10-10,11058451,57,B0BZNBQM6Q,Peripera
2026-10-10,11058451,65,B0DP71K2TM,Peripera
2026-10-10,11058451,68,B0C8TGFLW4,Espoir
2026-10-10,11058451,87,B0FBW7D84N,Cosnori
2026-10-10,11058521,30,B0DL5LY1PM,CLIO
2026-10-10,11058521,38,B0F9381NNZ,CLIO
2026-10-10,11058521,44,B0DHS9NY3G,CLIO
2026-10-10,11058611,9,B0CPYD5CFQ,Etude
2026-10-10,11058611,13,B0D34BYX7J,CLIO
2026-10-10,11058691,13,B09LCMQM44,TIRTIR
2026-10-10,11058691,14,B002BADJVE,MISSHA
2026-10-10,11058691,19,B0DZMMBF3J,TIRTIR
2026-10-10,11058691,22,B0DHWFT182,Laneige
2026-10-10,11058691,51,B00BR3VPLC,Touch in Sol
2026-10-10,11058691,85,B0GL8SKDBN,Jung Saem Mool
2026-10-10,11058691,95,B0FBX37X5K,Jung Saem Mool
2026-10-10,11058711,20,B0FCMC4GBP,Jung Saem Mool
2026-10-10,11058711,25,B0DT91YG15,CLIO
2026-10-10,11058711,32,B0CXX11MJG,fwee
2026-10-10,11058711,50,B0CJQNC8HR,dasique
2026-10-10,11058711,51,B0F98PVKTW,Bbia
2026-10-10,11058711,52,B0FWHN4HWG,TIRTIR
2026-10-10,11058711,57,B0DPWWYXYG,Etude
2026-10-10,11058711,60,B0CT2L2V97,Dear Dahlia
2026-10-10,11058711,68,B0DYCFVD2Y,Peripera
2026-10-10,11058711,82,B08CMZ86J1,Lilybyred
2026-10-10,11058791,24,B0F6V1QCCP,TIRTIR
2026-10-10,11058791,69,B00X849B8C,the SAEM
2026-10-10,11058791,80,B0BZ3TN298,the SAEM
2026-10-10,11058871,3,B09LCMQM44,TIRTIR
2026-10-10,11058871,22,B0GL8SKDBN,Jung Saem Mool
2026-10-10,11058871,25,B0FBX37X5K,Jung Saem Mool
2026-10-10,11058871,31,B0DT17P8HZ,Espoir
2026-10-10,11058871,34,B0DW47T71F,TIRTIR
2026-10-10,11058871,39,B082W1DZ4R,Jung Saem Mool
2026-10-10,11058871,48,B0HB8PM1V7,HERA
2026-10-10,11058871,53,B0DG2LLG3C,TIRTIR
2026-10-10,11058871,63,B00U3TE9ZU,MISSHA
2026-10-10,11058871,70,B0FT28XK4D,CLIO
2026-10-10,11058871,73,B0F6WVCJ51,TIRTIR
2026-10-10,11058971,2,B0DHWFT182,Laneige
2026-10-10,11058971,28,B0CWN955CQ,Innisfree
2026-10-10,11058971,32,B0CFDQJKSH,Etude
2026-10-10,11058971,68,B07YBQ76YW,SKINFOOD
2026-10-10,11058971,97,B0CB9QDSD1,Touch in Sol
2026-10-10,11059031,1,B0DSLXS4G9,Laneige
2026-10-10,11059031,13,B0GF21LCW2,LAKA
2026-10-10,11059031,21,B0G7NRYFJS,Laneige
2026-10-10,11059031,22,B0F242ZPX5,Peripera
2026-10-10,11059031,48,B0GWPHKD43,LAKA
2026-10-10,11059031,59,B0GL8FD2QH,Etude
2026-10-10,11059031,67,B0CWN3MD25,Nature Republic
2026-10-10,11059031,71,B0GH7VCKV7,Colorgram
2026-10-10,11059031,75,B0GFHD3PVX,Peripera
2026-10-10,11059031,100,B092426CYY,rom&nd
2026-10-10,11059041,1,B0DSLXS4G9,Laneige
2026-10-10,11059041,15,B0CWN3MD25,Nature Republic
2026-10-10,11059041,25,B0G4T6FJQ8,HERA
2026-10-10,11059041,26,B07V4QY6F5,Dear Dahlia
2026-10-10,11059041,30,B0GSGWFVVW,rom&nd
2026-10-10,11059041,40,B0DW3VDN28,CNP
2026-10-10,11059041,53,B0FJRRG793,fwee
2026-10-10,11059041,63,B0GWP8ZMDY,Colorgram
2026-10-10,11059041,69,B0C4XLL9S2,Peripera
2026-10-10,11059041,75,B0GYV55BT6,rom&nd
2026-10-10,11059041,83,B0FQTLDYTR,d'Alba
2026-10-10,11059041,88,B0FQJ9QR81,LAKA
2026-10-10,11059041,98,B0GZT84QVL,Nooni
2026-10-10,11059051,3,B0G7NRYFJS,Laneige
2026-10-10,11059051,4,B0F242ZPX5,Peripera
2026-10-10,11059051,6,B0GL8FD2QH,Etude
2026-10-10,11059051,7,B0GWPPBKQ6,LAKA
2026-10-10,11059051,8,B0GH7VCKV7,Colorgram
2026-10-10,11059051,10,B0GFHD3PVX,Peripera
2026-10-10,11059051,16,B0GJS1JNWZ,CLIO
2026-10-10,11059051,20,B092426CYY,rom&nd
2026-10-10,11059051,21,B0FRLBNPY6,Aprilskin
2026-10-10,11059051,25,B0CNCSLDBB,Etude
2026-10-10,11059051,32,B0F5GMN738,LAKA
2026-10-10,11059051,34,B0DL481TH2,Etude
2026-10-10,11059051,35,B0CL3SS697,Colorgram
2026-10-10,11059051,36,B0GRGJ25Y3,hince
2026-10-10,11059051,43,B0FLBTK6P2,Etude
2026-10-10,11059051,45,B0H8T7JFYW,HERA
2026-10-10,11059051,46,B0GH41SSKP,fwee
2026-10-10,11059051,51,B0FN6N4JYK,Peripera
2026-10-10,11059051,54,B0DNS64P6M,hince
2026-10-10,11059051,56,B0F13KFC9Y,Bbia
2026-10-10,11059051,58,B0DSBWW7Z1,TIRTIR
2026-10-10,11059051,60,B0DYCYDV6R,Peripera
2026-10-10,11059051,62,B0DPX8FZPL,Espoir
2026-10-10,11059051,64,B0F249GPMQ,Peripera
2026-10-10,11059051,66,B0F9937JN8,Bbia
2026-10-10,11059051,68,B0DDCKZ4RJ,Colorgram
2026-10-10,11059051,70,B0GR1SKWJ4,rom&nd
2026-10-10,11059051,74,B0GP5T82M3,AMUSE
2026-10-10,11059051,76,B0FFMMYJNS,LAKA
2026-10-10,11059051,83,B0CXWVCMGC,fwee
2026-10-10,11059051,84,B0DWMMDSY2,HERA
2026-10-10,11059051,86,B0DXF2HMRW,Colorgram
2026-10-10,11059051,89,B0DK6ZY8WQ,Peripera
2026-10-10,11059051,94,B09NXQBMW9,rom&nd
2026-10-10,11059101,3,B0GF21LCW2,LAKA
2026-10-10,11059101,60,B0G8GQ26LC,fwee
2026-10-10,11059101,67,B0C8H6D9RN,rom&nd
2026-10-10,11059101,68,B0D2R565NK,Lilybyred
2026-10-10,11059101,78,B0FSDJKVSF,Banila Co
2026-10-10,11059101,92,B0GWPSRCBY,Colorgram
2026-10-10,11059221,7,B0GLM99D2H,Banila Co
2026-10-10,11059221,44,B0F9YRBR3N,HERA
2026-10-10,11059231,5,B0BN2PX8V3,Anua
2026-10-10,11059231,6,B07T5BN3P2,SKIN1004
2026-10-10,11059231,9,B09N919SS5,Beauty of Joseon
2026-10-10,11059231,10,B0GFCM7SYH,Banila Co
2026-10-10,11059231,12,B01N5K834V,ma:nyo
2026-10-10,11059231,14,B07KG2XX67,The Face Shop
2026-10-10,11059231,15,B0FP176X2H,medicube
2026-10-10,11059231,25,B0D1Q43KQZ,Beauty of Joseon
2026-10-10,11059231,26,B0B884JBNQ,SKIN1004
2026-10-10,11059231,29,B0D9TX8G86,SKIN1004
2026-10-10,11059231,34,B0CTK1TYNG,Dr.Althea
2026-10-10,11059231,35,B08W1ZHTL3,Haruharu Wonder
2026-10-10,11059231,42,B0B3R661JP,Beauty of Joseon
2026-10-10,11059231,44,B00A7I27QA,Sulwhasoo
2026-10-10,11059231,49,B0943CP9KT,Round Lab
2026-10-10,11059231,54,B08BZ254B7,Make P:rem
2026-10-10,11059231,58,B0GF8DLCRW,medicube
2026-10-10,11059231,62,B0DRBTCZ9B,Beplain
2026-10-10,11059231,65,B00809ERAM,The Face Shop
2026-10-10,11059231,69,B0GFCNZM2N,medicube
2026-10-10,11059231,76,B07GYM1DPM,Hanskin
2026-10-10,11059231,77,B09Y5GSG45,Isntree
2026-10-10,11059231,78,B0CH9LHYML,Ariul
2026-10-10,11059231,82,B0C44X5JML,COSRX
2026-10-10,11059231,84,B0H9W6PS3T,medicube
2026-10-10,11059231,88,B099RN4FCW,Pyunkang Yul
2026-10-10,11059231,92,B0DSZLNPF8,Illiyoon
2026-10-10,11059231,93,B0BXL4P558,Mixsoon
2026-10-10,11059231,96,B0G2Y1NMYH,Jumiso
2026-10-10,11059231,100,B0B7XFYR23,SKIN1004
2026-10-10,11059311,21,B0D9VVQSW9,ohora
2026-10-10,11059311,99,B0FK4YLSLK,ohora
2026-10-10,11059371,18,B09K3D5FD1,ohora
2026-10-10,11059391,38,B0D1XLXSSY,medicube
2026-10-10,11059431,6,B0D1XLXSSY,medicube
2026-10-10,11059441,21,B0D2CHV24R,fwee
2026-10-10,11059501,35,B0DG6KNXHL,Espoir
2026-10-10,11059501,58,B0FWK29YX2,TIRTIR
2026-10-10,11060451,1,B09V7Z4TJG,medicube
2026-10-10,11060451,2,B0B2RM68G2,BIODANCE
2026-10-10,11060451,3,B0GHMZXX8Y,medicube
2026-10-10,11060451,4,B0DWFLY18Y,Anua
2026-10-10,11060451,8,B0DGTMR754,medicube
2026-10-10,11060451,9,B0DGPSZVW3,medicube
2026-10-10,11060451,11,B0FVT77ZLL,Anua
2026-10-10,11060451,12,B0DBF65JYY,medicube
2026-10-10,11060451,13,B0DG1DQ2S7,Anua
2026-10-10,11060451,14,B0GD6R7CFJ,BIODANCE
2026-10-10,11060451,16,B0DYTQ5GYQ,medicube
2026-10-10,11060451,17,B077RTL1HJ,Illiyoon
2026-10-10,11060451,18,B0BRMYHMS5,medicube
2026-10-10,11060451,19,B07XXPHQZK,Laneige
2026-10-10,11060451,20,B0G38FGSKL,medicube
2026-10-10,11060451,24,B0DK4Y2YP3,celimax
2026-10-10,11060451,26,B0GVQ6NYR3,medicube
2026-10-10,11060451,28,B0D2Z3GGCY,medicube
2026-10-10,11060451,30,B0FKGJYFC8,Dr.Althea
2026-10-10,11060451,32,B0D16L5F2M,medicube
2026-10-10,11060451,35,B0DFY92NDB,Centellian24
2026-10-10,11060451,37,B0GCC2JV65,medicube
2026-10-10,11060451,38,B07DY2QRF6,Laneige
2026-10-10,11060451,41,B0FXH5LHN8,SKIN1004
2026-10-10,11060451,43,B0DWMSM6Y9,medicube
2026-10-10,11060451,45,B0BFQ9RD5B,d'Alba
2026-10-10,11060451,46,B00PBX3L7K,COSRX
2026-10-10,11060451,48,B0FGQ3J31K,eqqualberry
2026-10-10,11060451,49,B0B45LL4DD,Beauty of Joseon
2026-10-10,11060451,50,B0GKFD9ZQW,Anua
2026-10-10,11060451,54,B0DG4WXBCF,Meditherapy
2026-10-10,11060451,56,B0CLLV2T1P,Anua
2026-10-10,11060451,67,B01CVXSPBO,Abib
2026-10-10,11060451,71,B0BVV8BNYJ,Anua
2026-10-10,11060451,74,B0D54F8XYK,Anua
2026-10-10,11060451,75,B0BPXT3GBN,medicube
2026-10-10,11060451,76,B0DKJ3BX2F,d'Alba
2026-10-10,11060451,78,B0FQBL8S3K,eqqualberry
2026-10-10,11060451,81,B0CCJ3SRB9,COSRX
2026-10-10,11060451,83,B0GF86QJK7,BIODANCE
2026-10-10,11060451,84,B0FNWJFQFM,medicube
2026-10-10,11060451,86,B09YDCCJBJ,Aestura
2026-10-10,11060451,87,B0D8W1YVBX,eqqualberry
2026-10-10,11060451,88,B0CNCL35CH,Dr.Melaxin
2026-10-10,11060521,10,B0FPQ3Z16S,medicube
2026-10-10,11060521,15,B0FNWJFQFM,medicube
2026-10-10,11060521,31,B081PPNRNF,Illiyoon
2026-10-10,11060521,58,B0FR89KK44,medicube
2026-10-10,11060661,4,B0FPQ3Z16S,medicube
2026-10-10,11060661,13,B081PPNRNF,Illiyoon
2026-10-10,11060681,1,B0FPQ3Z16S,medicube
2026-10-10,11060681,8,B081PPNRNF,Illiyoon
2026-10-10,11060681,46,B0G5XH93WN,medicube
2026-10-10,11060681,83,B0GYDBDWCK,Some By Mi
2026-10-10,11060711,1,B09V7Z4TJG,medicube
2026-10-10,11060711,2,B0B2RM68G2,BIODANCE
2026-10-10,11060711,3,B0DWFLY18Y,Anua
2026-10-10,11060711,7,B0DGTMR754,medicube
2026-10-10,11060711,8,B0DGPSZVW3,medicube
2026-10-10,11060711,10,B0FVT77ZLL,Anua
2026-10-10,11060711,11,B0DBF65JYY,medicube
2026-10-10,11060711,12,B0DG1DQ2S7,Anua
2026-10-10,11060711,13,B0DYTQ5GYQ,medicube
2026-10-10,11060711,14,B077RTL1HJ,Illiyoon
2026-10-10,11060711,15,B0BRMYHMS5,medicube
2026-10-10,11060711,18,B0DK4Y2YP3,celimax
2026-10-10,11060711,20,B0GVQ6NYR3,medicube
2026-10-10,11060711,22,B0D2Z3GGCY,medicube
2026-10-10,11060711,23,B0FKGJYFC8,Dr.Althea
2026-10-10,11060711,25,B0D16L5F2M,medicube
2026-10-10,11060711,26,B0DFY92NDB,Centellian24
2026-10-10,11060711,27,B0GCC2JV65,medicube
2026-10-10,11060711,31,B0BFQ9RD5B,d'Alba
2026-10-10,11060711,32,B00PBX3L7K,COSRX
2026-10-10,11060711,33,B0FGQ3J31K,eqqualberry
2026-10-10,11060711,34,B0GKFD9ZQW,Anua
2026-10-10,11060711,37,B0DG4WXBCF,Meditherapy
2026-10-10,11060711,39,B0CLLV2T1P,Anua
2026-10-10,11060711,46,B0BVV8BNYJ,Anua
2026-10-10,11060711,47,B0D54F8XYK,Anua
2026-10-10,11060711,48,B0BPXT3GBN,medicube
2026-10-10,11060711,49,B0FQBL8S3K,eqqualberry
2026-10-10,11060711,54,B0CCJ3SRB9,COSRX
2026-10-10,11060711,55,B0GF86QJK7,BIODANCE
2026-10-10,11060711,57,B09YDCCJBJ,Aestura
2026-10-10,11060711,58,B0D8W1YVBX,eqqualberry
2026-10-10,11060711,61,B06Y15D1LH,SKIN1004
2026-10-10,11060711,64,B07WZ2YTDP,Torriden
2026-10-10,11060711,65,B0DKJ3BX2F,d'Alba
2026-10-10,11060711,66,B0D4Y6MNTF,Purito
2026-10-10,11060711,69,B0FPQGLYK9,medicube
2026-10-10,11060711,76,B0FS7QVSVC,Centellian24
2026-10-10,11060711,79,B0D8W2W8C2,eqqualberry
2026-10-10,11060711,80,B002BADJVE,MISSHA
2026-10-10,11060711,81,B0G616CQHX,SKIN1004
2026-10-10,11060711,84,B0D1G7XF9X,medicube
2026-10-10,11060711,86,B01LEJ5MSK,COSRX
2026-10-10,11060711,87,B0DLB58CWR,Anua
2026-10-10,11060711,89,B0DHKSF81K,celimax
2026-10-10,11060711,92,B0FYN9CJKC,medicube
2026-10-10,11060711,93,B0GS1DYZHG,Sungboon Editor
2026-10-10,11060711,96,B0BTPGPK7H,SKIN1004
2026-10-10,11060711,97,B0DJPB7H94,Dr.Melaxin
2026-10-10,11060711,98,B0DWX8N3ML,Mediheal
2026-10-10,11060711,99,B0C2TQ24VY,VT
2026-10-10,11060901,3,B0DYTQ5GYQ,medicube
2026-10-10,11060901,9,B0BVV8BNYJ,Anua
2026-10-10,11060901,20,B08FMCMGN6,Round Lab
2026-10-10,11060901,43,B0F83N244B,medicube
2026-10-10,11060901,45,B00FJ2LU2Q,The Face Shop
2026-10-10,11060901,56,B0FPQNL9K7,Anua
2026-10-10,11060901,58,B016NRXO06,COSRX
2026-10-10,11060901,59,B0F29C8N84,medicube
2026-10-10,11060901,80,B0CX2QR1HR,Innisfree
2026-10-10,11060901,84,B08W2HG4WP,Haruharu Wonder
2026-10-10,11060901,87,B0DSZZKTM5,Illiyoon
2026-10-10,11060901,93,B0CMPSYW3M,Anua
2026-10-10,11060901,98,B0DRBKTCL1,Beplain
2026-10-10,11061001,3,B016NRXO06,COSRX
2026-10-10,11061001,8,B08W2HG4WP,Haruharu Wonder
2026-10-10,11061001,9,B0DSZZKTM5,Illiyoon
2026-10-10,11061001,13,B08H6PHF2N,COSRX
2026-10-10,11061001,32,B0DWKS952Y,Laneige
2026-10-10,11061001,37,B0F542MCPD,belif
2026-10-10,11061001,55,B0GHXKSZKR,medicube
2026-10-10,11061001,61,B0CKVL9PGY,Haruharu Wonder
2026-10-10,11061001,63,B0HF441PNN,numbuzin
2026-10-10,11061001,67,B0CDBQ69WL,Haruharu Wonder
2026-10-10,11061001,72,B0FVWQH8DS,Sungboon Editor
2026-10-10,11061001,80,B0CLGGP723,Dr.Althea
2026-10-10,11061001,92,B0GHQV5KCT,Dr.Melaxin
2026-10-10,11061001,97,B097D1CN65,Dr.G
2026-10-10,11061091,7,B075GWQMP6,TONYMOLY
2026-10-10,11061091,47,B0G4L243XR,belif
2026-10-10,11061091,59,B0F28SB2FL,Purito
2026-10-10,11061091,63,B0CSL2X3G2,The Face Shop
2026-10-10,11061091,65,B01H6EHVK4,SKINFOOD
2026-10-10,11061091,84,B0D8VLK4ZW,Aprilskin
2026-10-10,11061091,96,B0F2L2DQ7K,Purito
2026-10-10,11061091,100,B0D66PNSPB,Mediheal
2026-10-10,11061121,1,B0B2RM68G2,BIODANCE
2026-10-10,11061121,2,B0DGTMR754,medicube
2026-10-10,11061121,3,B0BRMYHMS5,medicube
2026-10-10,11061121,4,B0D1G7XF9X,medicube
2026-10-10,11061121,5,B0DWX8N3ML,Mediheal
2026-10-10,11061121,6,B0FWK57DL4,COSRX
2026-10-10,11061121,7,B0CJFFR574,Sungboon Editor
2026-10-10,11061121,8,B0G11L8F7C,medicube
2026-10-10,11061121,9,B0C8Y1TSKZ,SKIN1004
2026-10-10,11061121,10,B0CYMZC3C6,Rejuran
2026-10-10,11061121,11,B083X5R6VR,VT
2026-10-10,11061121,13,B0H3QQ1SDP,TONYMOLY
2026-10-10,11061121,14,B0FKTKF8RB,medicube
2026-10-10,11061121,16,B0F83HQCFN,COSRX
2026-10-10,11061121,20,B09XWHB1HR,Mediheal
2026-10-10,11061121,22,B0DF81C9TM,Dr.Jart+
2026-10-10,11061121,23,B0F798SK7J,Illiyoon
2026-10-10,11061121,24,B08TBJY2DP,Torriden
2026-10-10,11061121,27,B0CQZ3W88P,Innisfree
2026-10-10,11061121,29,B0DWXCNQN4,Anua
2026-10-10,11061121,30,B0D3GSS93N,medicube
2026-10-10,11061121,32,B08JSL9W6K,COSRX
2026-10-10,11061121,35,B0CZ7MXPG8,Laneige
2026-10-10,11061121,37,B0DHJJHCJS,Anua
2026-10-10,11061121,39,B0DHGWWCNM,VT
2026-10-10,11061121,42,B0G38HDCJF,medicube
2026-10-10,11061121,46,B0D172K61R,Mediheal
2026-10-10,11061121,49,B0DXZVNYKM,medicube
2026-10-10,11061121,56,B0FJY4CGSC,d'Alba
2026-10-10,11061121,57,B0FWCDZD4H,Anua
2026-10-10,11061121,59,B0CLNS5XX8,Torriden
2026-10-10,11061121,60,B0BJPKX14D,Beauty of Joseon
2026-10-10,11061121,65,B0F3HYKX8T,Mixsoon
2026-10-10,11061121,66,B0GGGJJQZX,ma:nyo
2026-10-10,11061121,68,B0GDQBZMP7,Dr.Melaxin
2026-10-10,11061121,70,B0DJ98TSVQ,Mediheal
2026-10-10,11061121,71,B0DBRJTLVW,The Face Shop
2026-10-10,11061121,73,B0CV3NTQ88,Mediheal
2026-10-10,11061121,78,B0DDBR4YL1,Mediheal
2026-10-10,11061121,79,B0DLKG4Q9X,numbuzin
2026-10-10,11061121,80,B0FJWMY7TM,Abib
2026-10-10,11061121,81,B0F7ZJNLZ1,Laneige
2026-10-10,11061121,82,B0FBFYB3J5,numbuzin
2026-10-10,11061121,83,B0FM71V55H,Mediheal
2026-10-10,11061121,85,B0GG8Q31R3,Dr.Melaxin
2026-10-10,11061121,92,B0DVDXZFTK,Mediheal
2026-10-10,11061121,95,B0DZWGLV9G,Aprilskin
2026-10-10,11061121,96,B0F1TSCGWN,BIODANCE
2026-10-10,11061121,99,B0816JDCNY,Abib
2026-10-10,11061151,5,B0G4L243XR,belif
2026-10-10,11061151,9,B0F28SB2FL,Purito
2026-10-10,11061151,10,B0D8VLK4ZW,Aprilskin
2026-10-10,11061151,14,B08VPRWN7B,TONYMOLY
2026-10-10,11061151,16,B0DK1DFDT6,Sungboon Editor
2026-10-10,11061151,29,B0DWSC18DY,Aprilskin
2026-10-10,11061151,54,B0FT31ZNRG,Banila Co
2026-10-10,11061151,69,B0FGYYH9X4,TONYMOLY
2026-10-10,11061151,82,B0DWSPY87S,Aprilskin
2026-10-10,11061151,92,B0FGYF6SJT,TONYMOLY
2026-10-10,11061151,96,B09BC1MBZ6,Neogen
2026-10-10,11061161,6,B075GWQMP6,TONYMOLY
2026-10-10,11061161,54,B0CSL2X3G2,The Face Shop
2026-10-10,11061161,56,B01H6EHVK4,SKINFOOD
2026-10-10,11061161,84,B0F2L2DQ7K,Purito
2026-10-10,11061301,1,B0DWFLY18Y,Anua
2026-10-10,11061301,3,B0DGPSZVW3,medicube
2026-10-10,11061301,4,B0FVT77ZLL,Anua
2026-10-10,11061301,5,B077RTL1HJ,Illiyoon
2026-10-10,11061301,8,B0GVQ6NYR3,medicube
2026-10-10,11061301,9,B0D2Z3GGCY,medicube
2026-10-10,11061301,10,B0FKGJYFC8,Dr.Althea
2026-10-10,11061301,11,B0DFY92NDB,Centellian24
2026-10-10,11061301,13,B0GKFD9ZQW,Anua
2026-10-10,11061301,15,B0BFQ9RD5B,d'Alba
2026-10-10,11061301,18,B0BPXT3GBN,medicube
2026-10-10,11061301,19,B0FQBL8S3K,eqqualberry
2026-10-10,11061301,21,B0GF86QJK7,BIODANCE
2026-10-10,11061301,23,B09YDCCJBJ,Aestura
2026-10-10,11061301,25,B0D4Y6MNTF,Purito
2026-10-10,11061301,28,B0FS7QVSVC,Centellian24
2026-10-10,11061301,29,B002BADJVE,MISSHA
2026-10-10,11061301,31,B01LEJ5MSK,COSRX
2026-10-10,11061301,32,B0DHKSF81K,celimax
2026-10-10,11061301,34,B0FYN9CJKC,medicube
2026-10-10,11061301,36,B0BTPGPK7H,SKIN1004
2026-10-10,11061301,42,B0FMWPNKJR,Dr.Althea
2026-10-10,11061931,1,B09V7Z4TJG,medicube
2026-10-10,11061931,2,B0D54F8XYK,Anua
2026-10-10,11061931,5,B0CG1H8YRS,TIRTIR
2026-10-10,11061931,6,B0DY7GDRV7,medicube
2026-10-10,11061931,7,B0BHVBVRYY,Mediheal
2026-10-10,11061931,8,B0G24NKB1B,Sungboon Editor
2026-10-10,11061931,11,B0D95M72BF,Haruharu Wonder
2026-10-10,11061931,12,B0FPGGKFCH,Illiyoon
2026-10-10,11061931,17,B0FD3HXCWZ,medicube
2026-10-10,11061931,19,B08JLMRTZS,Anua
2026-10-10,11061931,21,B0DDXV5KV4,BIODANCE
2026-10-10,11061931,22,B085VS2J3T,medicube
2026-10-10,11061931,23,B08FM5BTF6,Round Lab
2026-10-10,11061931,24,B0971YC8W1,Haruharu Wonder
2026-10-10,11061931,25,B0B1JPZYMN,SKIN1004
2026-10-10,11061931,27,B0GL23FXCZ,I'm From
2026-10-10,11061931,28,B0FVFS937N,Innisfree
2026-10-10,11061931,29,B07BYJF7L7,Some By Mi
2026-10-10,11061931,30,B0F4RF551P,numbuzin
2026-10-10,11061931,33,B09P54X2NS,Laneige
2026-10-10,11061931,34,B0FFHG6X51,d'Alba
2026-10-10,11061931,36,B00OZEJ8R8,COSRX
2026-10-10,11061931,39,B06ZZK3YJY,Pyunkang Yul
2026-10-10,11061931,43,B08RLZ28QK,Beauty of Joseon
2026-10-10,11061931,46,B073P6BPF5,COSRX
2026-10-10,11061931,49,B0915CMY57,numbuzin
2026-10-10,11061931,50,B0FN3VX6NP,medicube
2026-10-10,11061931,53,B0C61CJ66L,numbuzin
2026-10-10,11061931,56,B0CMC6S4BM,eqqualberry
2026-10-10,11061931,61,B08TBG2T2C,Torriden
2026-10-10,11061931,62,B08CZGS5M2,SKINFOOD
2026-10-10,11061931,63,B01CVXU3CI,Abib
2026-10-10,11061931,64,B0FPKX9FY4,medicube
2026-10-10,11061931,65,B07THCMGFP,Haruharu Wonder
2026-10-10,11061931,66,B0DR25CL71,medicube
2026-10-10,11061931,68,B0DMXH4XVB,Innisfree
2026-10-10,11061931,69,B0DJDC71XL,Beauty of Joseon
2026-10-10,11061931,72,B07FP453RC,I'm From
2026-10-10,11061931,75,B0GF2623VD,Dr.Melaxin
2026-10-10,11061931,78,B085T6JWF6,Some By Mi
2026-10-10,11061931,80,B07B32PL1C,TONYMOLY
2026-10-10,11061931,81,B07B65NJLV,Klairs
2026-10-10,11061931,82,B0GGL3M7GK,I'm From
2026-10-10,11061931,84,B0BQTHDZY1,numbuzin
2026-10-10,11061931,86,B0921NXR2V,Etude
2026-10-10,11061931,88,B0GMJQ8QRC,COSRX
2026-10-10,11061931,91,B0GYP3WQHX,d'Alba
2026-10-10,11061931,92,B0H27762NP,Aestura
2026-10-10,11061931,93,B08Y5XGM3Z,Dr.Ceuracle
2026-10-10,11061931,94,B0H627CCBF,Centellian24
2026-10-10,11061931,95,B0FSKSBRT2,Rejuran
2026-10-10,11061931,97,B0CDKVXBCG,Anua
2026-10-10,11061931,98,B0FQB6BLHQ,eqqualberry
2026-10-10,11061931,99,B0G63JR33Q,iUNIK
2026-10-10,11061931,100,B08TZGQQW9,celimax
2026-10-10,11061941,1,B0GHMZXX8Y,medicube
2026-10-10,11061941,2,B0GD6R7CFJ,BIODANCE
2026-10-10,11061941,3,B0G38FGSKL,medicube
2026-10-10,11061941,5,B0DWMSM6Y9,medicube
2026-10-10,11061941,6,B0B45LL4DD,Beauty of Joseon
2026-10-10,11061941,7,B01CVXSPBO,Abib
2026-10-10,11061941,8,B0CNCL35CH,Dr.Melaxin
2026-10-10,11061941,11,B0G48T5CM2,Centellian24
2026-10-10,11061941,12,B0GXJSNT3K,Anua
2026-10-10,11061941,15,B09SZ5JX2Y,d'Alba
2026-10-10,11061941,16,B0DDC3QGJL,KAHI
2026-10-10,11061941,17,B0DLKCCPYZ,COSRX
2026-10-10,11061941,20,B0H2HYV1VJ,Beauty of Joseon
2026-10-10,11061941,21,B0CNBYGNNL,Dr.Melaxin
2026-10-10,11061941,27,B0D4Q8SR9Z,Mediheal
2026-10-10,11061941,32,B0CYKRBVWC,Dr.Melaxin
2026-10-10,11061941,36,B0H2CL87TC,BIODANCE
2026-10-10,11061941,39,B0D9GFY6ZM,Anua
2026-10-10,11061941,46,B0FQG4FQ22,VT
2026-10-10,11061941,51,B0C88XF2ZW,Dr.Melaxin
2026-10-10,11061941,53,B0F4R939KD,numbuzin
2026-10-10,11061941,55,B0BLCZH72Z,Innisfree
2026-10-10,11061941,64,B07ZRF416W,COSRX
2026-10-10,11061941,65,B0GR1491KV,numbuzin
2026-10-10,11061941,72,B0H9QHH69V,Sungboon Editor
2026-10-10,11061941,84,B0CWPCX1D2,AXIS-Y
2026-10-10,11061941,88,B0F28NKKW7,VT
2026-10-10,11061941,95,B09ZB7GDJL,Haruharu Wonder
2026-10-10,11061941,98,B0D8NB84XK,belif
2026-10-10,11061971,1,B0GD6R7CFJ,BIODANCE
2026-10-10,11061971,2,B0G38FGSKL,medicube
2026-10-10,11061971,3,B01CVXSPBO,Abib
2026-10-10,11061971,5,B0GXJSNT3K,Anua
2026-10-10,11061971,7,B0DLKCCPYZ,COSRX
2026-10-10,11061971,9,B0H2HYV1VJ,Beauty of Joseon
2026-10-10,11061971,11,B0D4Q8SR9Z,Mediheal
2026-10-10,11061971,25,B0H9QHH69V,Sungboon Editor
2026-10-10,11061971,37,B0G92CK3J8,Goodal
2026-10-10,11061971,47,B0D6NZGP2R,Laneige
2026-10-10,11061971,54,B0GQZ8VDNW,VT
2026-10-10,11061971,59,B07KGMWBHM,Mizon
2026-10-10,11061971,60,B0H4YXXSKD,Dr.Melaxin
2026-10-10,11062031,1,B0B2RM68G2,BIODANCE
2026-10-10,11062031,3,B0DGTMR754,medicube
2026-10-10,11062031,4,B0DBF65JYY,medicube
2026-10-10,11062031,5,B0DG1DQ2S7,Anua
2026-10-10,11062031,6,B0BRMYHMS5,medicube
2026-10-10,11062031,7,B0DK4Y2YP3,celimax
2026-10-10,11062031,8,B0D16L5F2M,medicube
2026-10-10,11062031,9,B0GCC2JV65,medicube
2026-10-10,11062031,10,B00PBX3L7K,COSRX
2026-10-10,11062031,11,B0FGQ3J31K,eqqualberry
2026-10-10,11062031,13,B0DG4WXBCF,Meditherapy
2026-10-10,11062031,14,B0CLLV2T1P,Anua
2026-10-10,11062031,18,B0CCJ3SRB9,COSRX
2026-10-10,11062031,19,B0D8W1YVBX,eqqualberry
2026-10-10,11062031,20,B06Y15D1LH,SKIN1004
2026-10-10,11062031,23,B07WZ2YTDP,Torriden
2026-10-10,11062031,27,B0D8W2W8C2,eqqualberry
2026-10-10,11062031,30,B0D1G7XF9X,medicube
2026-10-10,11062031,31,B0DLB58CWR,Anua
2026-10-10,11062031,33,B0GS1DYZHG,Sungboon Editor
2026-10-10,11062031,35,B0DJPB7H94,Dr.Melaxin
2026-10-10,11062031,36,B0DWX8N3ML,Mediheal
2026-10-10,11062031,37,B0C2TQ24VY,VT
2026-10-10,11062031,38,B0DLKGLBPG,numbuzin
2026-10-10,11062031,45,B0CRDQPLCM,Sungboon Editor
2026-10-10,11062031,46,B0FWK57DL4,COSRX
2026-10-10,11062031,50,B08BZCY3Y1,Rejuran
2026-10-10,11062031,51,B0FT7TKN36,medicube
2026-10-10,11062031,54,B07NNVZNQR,iUNIK
2026-10-10,11062031,55,B0CJFFR574,Sungboon Editor
2026-10-10,11062031,57,B0GV2J43Q9,SKIN1004
2026-10-10,11062031,58,B0G11L8F7C,medicube
2026-10-10,11062031,59,B0179IBBEE,COSRX
2026-10-10,11062031,60,B0H3KJ25GN,medicube
2026-10-10,11062031,63,B09DLFCB69,Beauty of Joseon
2026-10-10,11062031,72,B0C8Y1TSKZ,SKIN1004
2026-10-10,11062031,73,B0FKSM8L9H,BIODANCE
2026-10-10,11062031,74,B0FR4QYNK5,medicube
2026-10-10,11062031,78,B0FPFDSC7X,medicube
2026-10-10,11062031,79,B0FG7VLJKG,medicube
2026-10-10,11062031,80,B0CYMZC3C6,Rejuran
2026-10-10,11062031,81,B0FG38CL5H,d'Alba
2026-10-10,11062031,82,B0DZGKNPRB,Beauty of Joseon
2026-10-10,11062031,84,B0D54G6811,Anua
2026-10-10,11062031,86,B083X5R6VR,VT
2026-10-10,11062031,87,B085VWWJJT,medicube
2026-10-10,11062031,88,B0D9W15N21,Dr.Melaxin
2026-10-10,11062031,91,B0H3QQ1SDP,TONYMOLY
2026-10-10,11062031,93,B0DGLCRZZ3,Dr.Althea
2026-10-10,11062031,97,B0FKTKF8RB,medicube
2026-10-10,11062241,45,B09K3JSYVJ,ohora
2026-10-10,11062241,62,B0GY2QGLDK,ohora
2026-10-10,11062261,42,B0BT4SVTJQ,Haruharu Wonder
2026-10-10,11062261,49,B00QREE3FG,TONYMOLY
2026-10-10,11062261,69,B0DJHG36D2,TONYMOLY
2026-10-10,11062291,1,B0G12HL5RP,ohora
2026-10-10,11062331,1,B0G12HL5RP,ohora
2026-10-10,11062581,1,B0FSJQ3KJT,Anua
2026-10-10,11062581,2,B0F384Y1KR,Anua
2026-10-10,11062581,3,B0G4W2FT6S,Dr.Althea
2026-10-10,11062581,6,B09S6JKB52,SKIN1004
2026-10-10,11062581,7,B0GYNK6PBB,medicube
2026-10-10,11062581,8,B0H5C6MGS6,Dr.Althea
2026-10-10,11062581,9,B08QM7NFWS,COSRX
2026-10-10,11062581,11,B0CTKSB91T,Laneige
2026-10-10,11062581,15,B0GYN8S7GN,medicube
2026-10-10,11062581,17,B0H711RS9P,COSRX
2026-10-10,11062581,19,B0F9NYPS7T,Torriden
2026-10-10,11062581,23,B0H79D8C5K,eqqualberry
2026-10-10,11062581,25,B0DSTW6T1C,Round Lab
2026-10-10,11062581,26,B0GS7N4CQZ,medicube
2026-10-10,11062581,27,B09KRSGVVM,Pyunkang Yul
2026-10-10,11062581,34,B0H418M94R,Sungboon Editor
2026-10-10,11062581,37,B0FMS3MKHS,Abib
2026-10-10,11062581,44,B0FYN7Y7CJ,SKINFOOD
2026-10-10,11062581,49,B0GYZSVZSZ,Laneige
2026-10-10,11062581,56,B0HJZB6WQR,medicube
2026-10-10,11062581,59,B0FRMLG7YW,d'Alba
2026-10-10,11062581,64,B0F333BT43,Bioheal Boh
2026-10-10,11062581,69,B0GS1NN68W,SKIN1004
2026-10-10,11062581,70,B0H1H4F94B,SKIN1004
2026-10-10,11062581,72,B0GTQK9G6F,Illiyoon
2026-10-10,11062581,73,B0H5PXG5BQ,Illiyoon
2026-10-10,11062581,76,B0H1H1P7YS,Sungboon Editor
2026-10-10,11062581,79,B0HJZDRXJP,medicube
2026-10-10,11062581,81,B0H7GFV782,eqqualberry
2026-10-10,11062581,92,B0FSCD86D3,Haruharu Wonder
2026-10-10,11062581,93,B0GHPGGML3,SKIN1004
2026-10-10,11062591,1,B0FXH5LHN8,SKIN1004
2026-10-10,11062591,5,B0DKJ3BX2F,d'Alba
2026-10-10,11062591,7,B0FPQGLYK9,medicube
2026-10-10,11062591,8,B0C45CK57M,Abib
2026-10-10,11062591,9,B0DWSL3ZBQ,Anua
2026-10-10,11062591,13,B0H7WYBCQJ,Beauty of Joseon
2026-10-10,11062591,16,B0FQ531HJL,Round Lab
2026-10-10,11062591,24,B0GR23K9GY,Innisfree
2026-10-10,11062591,34,B09ZY7468X,COSRX
2026-10-10,11062591,39,B0GPPMKQWG,Tocobo
2026-10-10,11062591,77,B0DSHX7242,Mixsoon
2026-10-10,11062591,79,B0GWFQZTQD,Innisfree
2026-10-10,11062591,80,B0DK4MXPMD,Round Lab
2026-10-10,11062601,12,B00DTFJA54,Nature Republic
2026-10-10,11062601,22,B07KF53X62,Aromatica
2026-10-10,11062601,29,B00K3KYTLI,Holika Holika
2026-10-10,11062601,58,B075XKGWYG,Benton
2026-10-10,11062601,64,B011S44TWQ,the SAEM
2026-10-10,11062651,1,B0FXH5LHN8,SKIN1004
2026-10-10,11062651,5,B0DKJ3BX2F,d'Alba
2026-10-10,11062651,7,B0FPQGLYK9,medicube
2026-10-10,11062651,8,B0C45CK57M,Abib
2026-10-10,11062651,9,B0DWSL3ZBQ,Anua
2026-10-10,11062651,12,B0H7WYBCQJ,Beauty of Joseon
2026-10-10,11062651,15,B0FQ531HJL,Round Lab
2026-10-10,11062651,22,B0GR23K9GY,Innisfree
2026-10-10,11062651,32,B09ZY7468X,COSRX
2026-10-10,11062651,35,B0GPPMKQWG,Tocobo
2026-10-10,11062651,64,B0DSHX7242,Mixsoon
2026-10-10,11062651,66,B0GWFQZTQD,Innisfree
2026-10-10,11062651,67,B0DK4MXPMD,Round Lab
2026-10-10,11062651,94,B0F2HL5XPT,Round Lab
2026-10-10,11062651,97,B0H86VC62C,Beauty of Joseon
2026-10-10,11062691,29,B0F12D5P2L,Some By Mi
2026-10-10,11062691,79,B0HB3WWGBS,Haruharu Wonder
2026-10-10,11062741,49,B0GS8YKMN3,medicube
2026-10-10,13106071,2,B0D9VVQSW9,ohora
2026-10-10,13106071,11,B0FK4YLSLK,ohora
2026-10-10,13106071,22,B084FWPQYG,ohora
2026-10-10,13106071,25,B09Z9X5BZ3,ohora
2026-10-10,13106071,33,B0BKRKMZ22,ohora
2026-10-10,13106071,75,B0H9WBHLN4,ohora
2026-10-10,13106071,76,B08WLF8TKL,ohora
2026-10-10,14024031,27,B07NFYWWB6,Illiyoon
2026-10-10,14024031,68,B01CLTKI4A,COSRX
2026-10-10,166860011,4,B0BBL83HCS,Atopalm
2026-10-10,166860011,56,B0CZF1MW1M,Make P:rem
2026-10-10,382803011,1,B081JHTPKP,Mise en scène
2026-10-10,382803011,37,B0F9WV89PZ,COSRX
2026-10-10,382803011,39,B0GLF7R1HZ,Mise en scène
2026-10-10,382803011,61,B09D7R5C2X,d'Alba
2026-10-10,382803011,78,B0BLT75YWX,Unove
2026-10-10,382803011,88,B0DCVSKRHN,Mise en scène
2026-10-10,382803011,95,B09XDBPJL1,Elizavecca
2026-10-10,388109011,6,B00BR3VPLC,Touch in Sol
2026-10-10,388109011,30,B0CWL33ZMV,Etude
2026-10-10,388109011,31,B002C5IUWQ,MISSHA
2026-10-10,388109011,40,B07NQBWRMR,MISSHA
2026-10-10,388109011,42,B0GPX4WJD8,TIRTIR
2026-10-10,388109011,58,B07QQJR5V7,Jung Saem Mool
2026-10-10,388109011,65,B0GRMV4PZ6,TIRTIR
2026-10-10,388109011,66,B0GWD219HK,Meditherapy
2026-10-10,388109011,75,B0DJVNWYXQ,HERA
2026-10-10,388109011,79,B0H1JZFPYF,MISSHA
2026-10-10,388109011,83,B0822HR335,Jung Saem Mool
2026-10-10,388109011,93,B0GVY9Q59Y,Meditherapy
2026-10-10,390141011,10,B0CVQ74Z3V,Koelf
2026-10-10,979546011,1,B07XXPHQZK,Laneige
2026-10-10,979546011,2,B07DY2QRF6,Laneige
2026-10-10,979546011,25,B0FWCF61VF,Anua
2026-10-10,979546011,35,B0CKV7JNFX,Nature Republic
2026-10-10,979546011,67,B0GKNKLZ7K,Haruharu Wonder
2026-10-10,979546011,83,B0DTYWQ359,medicube
2026-10-10,979546011,86,B0BT3Z7469,Torriden
2026-10-10,979548011,53,B098D8QZK1,COSRX
2026-10-10,979548011,85,B0DZNH362V,SKINFOOD
2026-10-10,979548011,93,B0BMKLQFQS,Mediheal
2026-10-10,2265896011,6,B0GJRPQKCB,CLIO
2026-10-10,2265896011,33,B0C3Q9PBVV,Too Cool For School
2026-10-10,2265896011,99,B0BZPM4GFL,Colorgram
2026-10-10,17242866011,17,B0G12HL5RP,ohora
2026-10-10,17242866011,29,B0D9VVQSW9,ohora
2026-10-10,23561814011,1,B0GGQMYLXM,VT
2026-10-10,23561814011,4,B0CGS2D8J8,Dr.Groot
2026-10-10,23561814011,5,B01MU9AUX7,Aromatica
2026-10-10,23561814011,8,B0FY6CC156,medicube
2026-10-10,23561814011,21,B0FY722KL2,Dr.Groot
2026-10-10,23561814011,30,B0GYRQ4PQB,Aromatica
2026-10-10,23561814011,37,B079QBN8B9,A'PIEU
2026-10-10,23561814011,46,B0F9WR8743,COSRX
2026-10-10,23561814011,50,B07KF626LC,Aromatica
2026-10-10,23561814011,54,B0CQ3VYN4S,Dr.Groot
2026-10-10,23561814011,67,B08QBDL7NT,Some By Mi
2026-10-10,23561814011,90,B0GHQ6WNZ7,Dr.Forhair
2026-10-10,23561814011,97,B01N5O0RUK,Aromatica
2026-10-10,10664362011,7,B0H8FC5TZ6,medicube
2026-10-10,17911764011,36,B01I2ZQJSG,Elizavecca
2026-10-10,11158680011,8,B0GW8N6XR2,medicube
2026-10-10,11158680011,10,B0G1YJCVL3,Mise en scène
2026-10-10,11158680011,15,B0GN2BK41M,medicube
2026-10-10,11158680011,17,B0FG82616Q,COSRX
2026-10-10,11158680011,44,B09T2N5QK5,Aromatica
2026-10-10,11158680011,60,B0H5QDF4D6,Mise en scène
2026-10-10,11158680011,68,B0H5QCXN72,Mise en scène
2026-10-10,10898755011,9,B0CGSLVL8T,Dr.Groot
2026-10-10,10898755011,17,B0DK263J67,Dr.Groot
2026-10-10,10898755011,32,B0FY6DB6MR,medicube
2026-10-10,10898755011,49,B0DLCQZ85Y,Dr.Groot
2026-10-10,10898755011,51,B0DK22L979,Dr.Groot
2026-10-10,10898755011,64,B09QKR5RPT,Elizavecca
2026-10-10,10898755011,68,B0GJ4Z3C3L,Dr.Forhair
2026-10-10,10898755011,70,B0F6GTGQ4X,Dr.Groot
2026-10-10,10898755011,74,B0D5GKBNY3,Ryo
2026-10-10,10898755011,79,B0FY6FKGZM,medicube
2026-10-10,10666439011,27,B0H71K75Q9,medicube
2026-10-10,10666439011,39,B09QKR5RPT,Elizavecca
2026-10-10,10666439011,54,B09TG5YPXP,Unove
2026-10-10,10666437011,4,B0FLHK35YR,Mise en scène
2026-10-10,10666437011,6,B01I2ZQJSG,Elizavecca
2026-10-10,10666437011,35,B0GDZJ65PG,medicube
2026-10-10,10666437011,36,B09TG5ZD42,Unove
2026-10-10,10666437011,64,B0BN47XH5B,Mise en scène
2026-10-10,10666437011,89,B01NAQ3N7Q,Elizavecca
2026-10-10,16236250011,75,B079V262GN,Dashu
2026-10-10,13861652011,3,B0GS8YKMN3,medicube
2026-10-10,13861652011,6,B0FFF3757L,medicube
2026-10-10,13861652011,24,B0GCY2WFDV,medicube
2026-10-10,18065339011,2,B0FLPNFD5L,Illiyoon
2026-10-10,18065339011,3,B0CZXG68J4,CNP
2026-10-10,18065339011,14,B07CP3B241,Nooni
2026-10-10,18065339011,18,B0CYV2LXW3,belif
2026-10-10,18065339011,29,B09PMX9L3Z,Sioris
2026-10-10,18065339011,34,B0DZM3VXYL,SKINFOOD
2026-10-10,18065339011,37,B0D1VX32YY,The Face Shop
2026-10-10,18065339011,58,B0DNJ844CH,CNP
2026-10-10,18065339011,88,B0F8BCN2GY,CNP
2026-10-10,18065339011,90,B0CZ2XY4QD,Nooni
2026-10-10,18065339011,94,B09LC3439Q,Nooni
2026-10-10,21212387011,2,B0BWX6NZLT,Nooni
2026-10-10,21212387011,9,B0D84WSNQK,Laneige
2026-10-10,21212387011,11,B0GWPJFTBN,LAKA
2026-10-10,21212387011,12,B0FJRM59D7,fwee
2026-10-10,21212387011,14,B0CVL46L26,VT
2026-10-10,21212387011,18,B0DQKBT8WS,Nature Republic
2026-10-10,21212387011,23,B0GP9QKCZT,Laneige
2026-10-10,21212387011,26,B0FJM1CZTH,VT
2026-10-10,21212387011,27,B0HCBVVH7J,LAKA
2026-10-10,21212387011,29,B0GHY48KWC,rom&nd
2026-10-10,21212387011,32,B0F7X6VKH2,Dr.Different
2026-10-10,21212387011,62,B0HCBXPYC3,LAKA
2026-10-10,21212387011,82,B0CZPCBD3P,rom&nd
2026-10-10,21212387011,86,B0GTTCL23P,Sungboon Editor
2026-10-10,21212387011,88,B089PBP5YY,Holika Holika
2026-10-10,13861699011,12,B09NNBKF15,SKIN1004
2026-10-10,13861699011,46,B0GVSMSWP8,Aprilskin
2026-10-10,13861699011,62,B07L3B16Z7,Pyunkang Yul
2026-10-10,13861697011,4,B0FGXR8D12,medicube
2026-10-10,23623513011,79,B09D7R5C2X,d'Alba
2026-10-10,10666020011,54,B0D97HK15R,Amos Professional
2026-10-10,10666020011,73,B0BY7D6ZPZ,Dashu
2026-10-10,10666020011,80,B0DG2Q1BJJ,Lador
2026-10-10,10664402011,59,B01L3EU5YC,Dashu
2026-10-10,10664402011,80,B0G7B4K3KY,Unove
2026-10-10,23623512011,17,B0D941WQG8,Amos Professional
2026-10-10,23623511011,33,B09NXV5S89,Dashu
2026-10-10,23623511011,83,B0CGS2QXFJ,Dr.Groot
2026-10-10,23623511011,89,B07RF4KDPC,Moremo
2026-10-10,10312668011,11,B08NWSB791,Cosnori
2026-10-10,10312668011,65,B0CCY7N72W,Cosnori
2026-10-10,16228107011,13,B004FKD3HI,SKINFOOD
2026-10-10,7792268011,1,B002BADJVE,MISSHA
2026-10-10,7792268011,5,B0DDTB8LJM,MISSHA
2026-10-10,7792268011,7,B0GZLS4428,Dr.Jart+
2026-10-10,7792268011,10,B0GZN98RN7,Dear Dahlia
2026-10-10,7792268011,11,B0FQBXS11F,Cell Fusion C
2026-10-10,7792268011,15,B08JCK7LSN,Purito
2026-10-10,7792268011,19,B0D9NLV5B6,MISSHA
2026-10-10,7792268011,32,B0GYDG4H4S,Mizon
2026-10-10,7792268011,40,B0H1TRS1Q3,Cosnori
2026-10-10,7792268011,45,B004R5E12M,Skin79
2026-10-10,7792268011,60,B004R6HIR6,Skin79
2026-10-10,7792268011,68,B0HDD3BDHH,Dear Dahlia
2026-10-10,7792268011,84,B01M5ISR5E,Skin79
2026-10-10,7792268011,87,B0GYD7DPNZ,AMUSE
2026-10-10,7792268011,92,B0HDD1ZF1R,Dear Dahlia
2026-10-10,7792269011,9,B0F7J295X1,Dr.Jart+
2026-10-10,7792270011,3,B0FMXVSBWQ,Hanskin
2026-10-10,7792270011,4,B0FKT2BPWZ,Hanskin
2026-10-10,7792270011,8,B0FKSP923D,Hanskin
2026-10-10,21190479011,25,B0CN6J9GCL,Etude
2026-10-10,21190479011,54,B097NQJSZP,Too Cool For School
2026-10-10,219523566011,2,B0DZMMBF3J,TIRTIR
2026-10-10,219523566011,16,B0GTZDDKRB,Jung Saem Mool
2026-10-10,7792271011,25,B0H82GKMG4,Espoir
2026-10-10,7792271011,30,B0GJRM4VMB,Banila Co
2026-10-10,7792276011,17,B0GX5TY4VN,Mixsoon
2026-10-10,7792276011,20,B0GY8JN7BR,Jung Saem Mool
2026-10-10,7792276011,25,B0HC1RHDF8,TIRTIR
2026-10-10,7792276011,42,B076VX66DL,Cosnori
2026-10-10,7792276011,49,B0H9QLR5JS,Espoir
2026-10-10,7792276011,57,B0DP5ZMGMW,Beauty of Joseon
2026-10-10,7792276011,82,B0B4S8J5DL,Cosnori
2026-10-10,7792276011,89,B0CCRF2DYV,TIRTIR
2026-10-10,21190478011,8,B09BJCD4QR,hince
2026-10-10,21190478011,20,B09LY4VDZX,Colorgram
2026-10-10,21190478011,66,B0F23LBGQ9,CLIO
2026-10-10,21190478011,89,B0DJLSKSBK,Espoir
2026-10-10,23504929011,1,B08BZ254B7,Make P:rem
2026-10-10,23504929011,3,B09Y5GSG45,Isntree
2026-10-10,23504929011,4,B0G2Y1NMYH,Jumiso
2026-10-10,23504929011,5,B0G1SVKR73,ma:nyo
2026-10-10,23504929011,15,B095XGL1NM,Sioris
2026-10-10,23504929011,22,B0GGH3WN3M,Banila Co
2026-10-10,23504929011,32,B00IWUXGUQ,SKINFOOD
2026-10-10,23504929011,38,B0H1BVL95T,Make P:rem
2026-10-10,23504929011,52,B0BTH8H387,Sioris
2026-10-10,23504929011,60,B0DKFD3F85,Dr.Melaxin
2026-10-10,23504929011,65,B0BRXGG1X8,Mizon
2026-10-10,23504928011,1,B0BN2PX8V3,Anua
2026-10-10,23504928011,2,B07T5BN3P2,SKIN1004
2026-10-10,23504928011,3,B09N919SS5,Beauty of Joseon
2026-10-10,23504928011,4,B01N5K834V,ma:nyo
2026-10-10,23504928011,5,B0FP176X2H,medicube
2026-10-10,23504928011,6,B0D1Q43KQZ,Beauty of Joseon
2026-10-10,23504928011,7,B0D9TX8G86,SKIN1004
2026-10-10,23504928011,9,B08W1ZHTL3,Haruharu Wonder
2026-10-10,23504928011,10,B00A7I27QA,Sulwhasoo
2026-10-10,23504928011,11,B0943CP9KT,Round Lab
2026-10-10,23504928011,12,B0GF8DLCRW,medicube
2026-10-10,23504928011,13,B0DRBTCZ9B,Beplain
2026-10-10,23504928011,15,B00809ERAM,The Face Shop
2026-10-10,23504928011,17,B0GFCNZM2N,medicube
2026-10-10,23504928011,19,B07GYM1DPM,Hanskin
2026-10-10,23504928011,20,B0CH9LHYML,Ariul
2026-10-10,23504928011,21,B0H9W6PS3T,medicube
2026-10-10,23504928011,22,B0BXL4P558,Mixsoon
2026-10-10,23504928011,25,B0H9VXPDV8,medicube
2026-10-10,23504928011,27,B07NNZSG2K,iUNIK
2026-10-10,23504928011,28,B0F1TRK8S1,BIODANCE
2026-10-10,23504928011,29,B0DG8NJ2SG,numbuzin
2026-10-10,23504928011,30,B0GVMQN2NF,d'Alba
2026-10-10,23504928011,31,B0HBVCT9L8,Dr.Althea
2026-10-10,23504928011,32,B0BLHDJZNV,Purito
2026-10-10,23504928011,33,B0FHZJJB81,Etude
2026-10-10,23504928011,35,B07MX8VZZN,celimax
2026-10-10,23504928011,37,B0DZDD8VP5,Laneige
2026-10-10,23504928011,38,B07PT37RW1,Hanskin
2026-10-10,23504928011,41,B0C7P9WCHC,Primera
2026-10-10,23504928011,43,B0GJDQZ9JX,d'Alba
2026-10-10,23504928011,46,B0GFC55RJY,medicube
2026-10-10,23504928011,52,B0F1SMM39H,Torriden
2026-10-10,23504928011,53,B0H9W3QT7H,medicube
2026-10-10,23504928011,57,B0G1T6Y1NM,Centellian24
2026-10-10,23504928011,59,B0GY4TTWCX,Dr.Melaxin
2026-10-10,23504928011,62,B09LCWM6X7,numbuzin
2026-10-10,23504928011,63,B0FKMR6P5F,Lagom
2026-10-10,23504928011,65,B0G4CJVRL5,Dr.Althea
2026-10-10,23504928011,68,B0GK6B71RS,medicube
2026-10-10,23504928011,69,B0D6W2Y1C3,Nooni
2026-10-10,23504928011,78,B07FMMQZ4D,Dr.Ceuracle
2026-10-10,23504928011,82,B08JYTDZLP,Neogen
2026-10-10,23504928011,84,B0FLDR61R4,Benton
2026-10-10,23504928011,87,B091XYQFGN,COSRX
2026-10-10,23504928011,89,B0F6MRZ146,VT
2026-10-10,23504928011,90,B0CDNJQGHP,Cosnori
2026-10-10,23504928011,91,B0DP731L3H,eqqualberry
2026-10-10,23504928011,95,B0FC4LKF69,TONYMOLY
2026-10-10,23504928011,97,B0HGXDT9WB,Dr.Althea
2026-10-10,23504928011,99,B0D452SNJ4,Haruharu Wonder
2026-10-10,23504934011,19,B0C44X5JML,COSRX
2026-10-10,23504934011,23,B0DSZLNPF8,Illiyoon
2026-10-10,23504934011,29,B0FHZJJB81,Etude
2026-10-10,23504934011,40,B0F6T84BZF,Mixsoon
2026-10-10,23504934011,46,B0CX1GCWVX,Rejuran
2026-10-10,23504934011,47,B0CYY8L8D9,Anua
2026-10-10,23504934011,50,B0G1LH1H2S,The Face Shop
2026-10-10,23504934011,57,B0DFVZPBK6,Pyunkang Yul
2026-10-10,23504934011,60,B07V28NCD3,Banila Co
2026-10-10,23504934011,75,B0G1LD6VKL,The Face Shop
2026-10-10,23504934011,81,B08QV3JQ8H,Pyunkang Yul
2026-10-10,23504934011,90,B0H4TTFYWP,AXIS-Y
2026-10-10,23504934011,92,B0FPQS4CK8,Banila Co
2026-10-10,23504933011,2,B0CLGGP723,Dr.Althea
2026-10-10,23504933011,5,B0DCYJY651,Purito
2026-10-10,23504933011,10,B0BHWHM7H7,Unleashia
2026-10-10,23504933011,54,B0F23T27KQ,Banila Co
2026-10-10,23504933011,64,B093KD4V35,Round Lab
2026-10-10,23504931011,1,B0GFCM7SYH,Banila Co
2026-10-10,23504931011,5,B0CTK1TYNG,Dr.Althea
2026-10-10,23504931011,11,B099RN4FCW,Pyunkang Yul
2026-10-10,23504931011,13,B0BG21WM6R,Aprilskin
2026-10-10,23504931011,14,B0GMVMJ9PR,Rejuran
2026-10-10,23504931011,17,B0BBFPX2HD,Heimish
2026-10-10,23504931011,21,B0F2HD785Y,The Face Shop
2026-10-10,23504931011,23,B0FKS3YR6T,VT
2026-10-10,23504931011,25,B0CWNH9SMY,TIRTIR
2026-10-10,23504931011,26,B0DR89BK39,Beplain
2026-10-10,23504931011,53,B0GFY35CZL,I'm From
2026-10-10,23504931011,81,B0G4LV1GP3,belif
2026-10-10,23504930011,3,B07KG2XX67,The Face Shop
2026-10-10,23504930011,32,B0DDNZYPVB,Ariul
2026-10-10,23504930011,38,B0118YU9G6,SKINFOOD
2026-10-10,23504930011,58,B0DDPJW7LK,Ariul
2026-10-10,23504930011,63,B0H1B4Q8GV,Ariul
2026-10-10,23504930011,94,B0CSFN2WP5,Pyunkang Yul
2026-10-10,23504932011,2,B0B884JBNQ,SKIN1004
2026-10-10,23504932011,10,B0B7XFYR23,SKIN1004
2026-10-10,23504932011,12,B09C1XCXVS,SKIN1004
2026-10-10,23504932011,29,B0BB7TZJPN,numbuzin
2026-10-10,23504932011,50,B072C4DKSR,Nooni
2026-10-10,23504932011,54,B0F2RXFNKX,Ariul
2026-10-10,23504932011,55,B0F1Y821G8,Beplain
2026-10-10,23504932011,62,B0FXLLFXH5,Nature Republic
2026-10-10,23504932011,81,B0HC1TTT19,TIRTIR
2026-10-10,23598834011,27,B082KGYSFC,ohora
2026-10-10,17269950011,52,B0CLDCF5CT,ohora
2026-10-10,17269950011,70,B0BKPD7DS7,ohora
2026-10-10,16228309011,12,B0D1XLXSSY,medicube
2026-10-10,16228309011,95,B0DG6KNXHL,Espoir
2026-10-10,7792636011,4,B0D1G6H86V,medicube
2026-10-10,7792636011,6,B0D663VWFC,COSRX
2026-10-10,7792636011,8,B0H1C2BCYM,medicube
2026-10-10,7792636011,11,B0GZ34MXJR,Anua
2026-10-10,7792636011,19,B0GHSNKQDZ,SKIN1004
2026-10-10,7792636011,23,B0H1W18X89,medicube
2026-10-10,7792636011,26,B0F8VK8K98,Mixsoon
2026-10-10,7792636011,29,B0HDCNV7CJ,celimax
2026-10-10,7792636011,34,B0FJRVSGQ2,BIODANCE
2026-10-10,7792636011,38,B0HCZRJBQS,medicube
2026-10-10,7792636011,39,B0HHRPY9YH,BIODANCE
2026-10-10,7792636011,42,B0BXWXTKF7,Torriden
2026-10-10,7792636011,43,B0DB6D3L9N,The Face Shop
2026-10-10,7792636011,48,B0GWM1HZXD,Anua
2026-10-10,7792636011,49,B0G6D4BXNQ,Meditherapy
2026-10-10,7792636011,54,B0H6B1QQKL,Dr.Melaxin
2026-10-10,7792636011,64,B0G4XSW2ND,Laneige
2026-10-10,7792636011,68,B0H3C4G387,medicube
2026-10-10,7792636011,69,B0DT468CJC,Pyunkang Yul
2026-10-10,7792636011,70,B083Q4H5NB,Some By Mi
2026-10-10,7792636011,72,B0FPCXK2HK,medicube
2026-10-10,7792636011,73,B0HHN1YLK7,Sungboon Editor
2026-10-10,7792636011,74,B0F47M3RDZ,Bring Green
2026-10-10,7792636011,77,B0H94HGG2S,Etude
2026-10-10,7792636011,79,B0G8D6Q4RX,Haruharu Wonder
2026-10-10,7792636011,83,B0DSZW144Q,medicube
2026-10-10,7792636011,92,B0H3C2QK23,medicube
2026-10-10,7792636011,99,B0DB6DZHXF,The Face Shop
2026-10-10,21604974011,5,B0CVQKYGXQ,Koelf
2026-10-10,21604974011,19,B0FDW19Y7P,Koelf
2026-10-10,21604974011,27,B0CC98F5ZF,Mediheal
2026-10-10,21604974011,43,B07ZSBW182,TONYMOLY
2026-10-10,7730087011,1,B0GHMZXX8Y,medicube
2026-10-10,7730087011,2,B09SZ5JX2Y,d'Alba
2026-10-10,7730087011,3,B0DDC3QGJL,KAHI
2026-10-10,7730087011,6,B0F28NKKW7,VT
2026-10-10,7730087011,10,B0GD16JZTH,Dr.Melaxin
2026-10-10,7730087011,12,B0CRS69LTB,belif
2026-10-10,7730087011,14,B0GWX2QQ3Q,medicube
2026-10-10,7730087011,16,B0F67B33PQ,Round Lab
2026-10-10,7730087011,26,B0F1S2N2XS,the SAEM
2026-10-10,7730087011,31,B0GTTFSX9T,Dr.Melaxin
2026-10-10,7730087011,36,B0GWWV5QCK,medicube
2026-10-10,7730087011,38,B0DZXBS9YV,belif
2026-10-10,7730087011,45,B0H6J3F4CY,medicube
2026-10-10,7730087011,54,B0H3976517,medicube
2026-10-10,7730087011,71,B0H393NCB9,medicube
2026-10-10,7730087011,83,B0CG82ZGCD,TONYMOLY
2026-10-10,7730087011,90,B0C1GHV5VK,KAHI
2026-10-10,7730098011,1,B0DWMSM6Y9,medicube
2026-10-10,7730098011,2,B0B45LL4DD,Beauty of Joseon
2026-10-10,7730098011,5,B0BLCZH72Z,Innisfree
2026-10-10,7730098011,9,B0CWPCX1D2,AXIS-Y
2026-10-10,7730098011,20,B0D4YPT6QW,Etude
2026-10-10,7730098011,33,B0G64C6NM4,Dr.Althea
2026-10-10,7730098011,38,B0DZXKWC5X,belif
2026-10-10,7730098011,44,B0CYL7DF6J,Dr.Melaxin
2026-10-10,7730098011,45,B08VS5M4HZ,Benton
2026-10-10,7730098011,52,B0G1TDS2R9,medicube
2026-10-10,7730098011,55,B0FJFSTCHP,Mixsoon
2026-10-10,7730098011,60,B0C369JC5H,Skin&Lab
2026-10-10,7730098011,64,B0GK4Y7J3N,Innisfree
2026-10-10,7730098011,76,B0GLWVN5XD,Sulwhasoo
2026-10-10,7730098011,80,B0G1TV7K2W,medicube
2026-10-10,7730098011,84,B0GFD55213,medicube
2026-10-10,7730092011,3,B0D8NB84XK,belif
2026-10-10,7730092011,9,B0FKBKWBTV,Abib
2026-10-10,7730092011,27,B07Y2VFG86,Mizon
2026-10-10,7730092011,58,B007XDVXVM,Skin&Lab
2026-10-10,7730092011,67,B0FHC96XMG,belif
2026-10-10,7730099011,2,B0CYKRBVWC,Dr.Melaxin
2026-10-10,7730099011,8,B0GKP83W7W,COSRX
2026-10-10,7730099011,9,B0D62M73LC,Mediheal
2026-10-10,7730099011,15,B0H9LF3VRN,Mediheal
2026-10-10,7730099011,16,B0B89PF9P6,TONYMOLY
2026-10-10,7730099011,19,B0FWCDZD4H,Anua
2026-10-10,7730099011,20,B0HF1WQF8R,medicube
2026-10-10,7730099011,25,B0GW8CPSQQ,Torriden
2026-10-10,7730099011,26,B0GW87HS3P,Torriden
2026-10-10,7730099011,27,B0G48SXDV7,Centellian24
2026-10-10,7730099011,29,B0GQZ8VDNW,VT
2026-10-10,7730099011,31,B0F6LV7P1Q,numbuzin
2026-10-10,7730099011,39,B0DJ99G786,SNP
2026-10-10,7730099011,44,B0DJGHS5QY,Isoi
2026-10-10,7730099011,59,B0FC33LQ69,TONYMOLY
2026-10-10,7730099011,63,B0H7WW82DF,medicube
2026-10-10,7730099011,83,B07Y2VBJM3,Mizon
2026-10-10,7730099011,98,B0HJGQKNPD,Anua
2026-10-10,7730090011,1,B0G48T5CM2,Centellian24
2026-10-10,7730090011,2,B0CNBYGNNL,Dr.Melaxin
2026-10-10,7730090011,7,B0H2CL87TC,BIODANCE
2026-10-10,7730090011,8,B0D9GFY6ZM,Anua
2026-10-10,7730090011,12,B0FQG4FQ22,VT
2026-10-10,7730090011,15,B0C88XF2ZW,Dr.Melaxin
2026-10-10,7730090011,16,B0F4R939KD,numbuzin
2026-10-10,7730090011,21,B07ZRF416W,COSRX
2026-10-10,7730090011,22,B0GR1491KV,numbuzin
2026-10-10,7730090011,34,B09ZB7GDJL,Haruharu Wonder
2026-10-10,7730090011,70,B0GPVQDJBZ,d'Alba
2026-10-10,7730090011,71,B0987DJDSG,Mary&May
2026-10-10,7730090011,73,B0CFL7LS43,SKIN1004
2026-10-10,7730090011,75,B09KC44MGK,Etude
2026-10-10,7730090011,78,B0G24S1PD9,Sungboon Editor
2026-10-10,7730090011,79,B08TWHXNCD,TIRTIR
2026-10-10,7730090011,80,B0CV4XS48P,SKIN1004
2026-10-10,7730090011,88,B0GRZKY65N,Dr.Melaxin
2026-10-10,7730090011,98,B0D3TG6MN3,Dr.Melaxin
2026-10-10,23627242011,21,B0C348XQHX,Laneige
2026-10-10,17911766011,4,B07NBJCLSC,Illiyoon
2026-10-10,17911767011,1,B01I2ZQJSG,Elizavecca
2026-10-10,17911767011,4,B0BLT7NY2M,Unove
2026-10-10,17911767011,6,B0F9WQXBRB,COSRX
2026-10-10,17911767011,22,B09QLSBD9L,Elizavecca
2026-10-10,17911767011,24,B00T5FUV7S,Elizavecca
2026-10-10,17911767011,26,B0171KWVJO,Elizavecca
2026-10-10,17911767011,43,B0DG8Z2DF2,Elizavecca
2026-10-10,17911767011,68,B0BKFQX98C,Mise en scène
2026-10-10,17911767011,77,B0CXHTSMMG,Mise en scène
2026-10-10,17911767011,81,B0D962PWS2,Amos Professional
2026-10-10,16262041011,1,B0CGSLVL8T,Dr.Groot
2026-10-10,16262041011,8,B0FY6DB6MR,medicube
2026-10-10,16262041011,10,B0DLCQZ85Y,Dr.Groot
2026-10-10,16262041011,15,B0GJ4Z3C3L,Dr.Forhair
2026-10-10,16262041011,16,B0D5GKBNY3,Ryo
2026-10-10,16262041011,25,B0GMHLMFM8,Ryo
2026-10-10,16262041011,33,B0B7CSVZ48,Dr.Forhair
2026-10-10,16262041011,46,B0CZYS759R,Dr.Groot
2026-10-10,16262041011,69,B0D95T38BJ,Amos Professional
2026-10-10,16262041011,75,B0H6HYDQTF,medicube
2026-10-10,16262041011,77,B08Q7B2V18,Some By Mi
2026-10-10,16262042011,2,B0DK263J67,Dr.Groot
2026-10-10,16262042011,10,B0FY6FKGZM,medicube
2026-10-10,16262042011,11,B0D5GKJFJ3,Ryo
2026-10-10,16262042011,31,B0D95F2CKK,Aromatica
2026-10-10,16262042011,34,B0GHPVCL9C,Dr.Forhair
2026-10-10,16262044011,9,B0GMHP5TXD,Ryo
2026-10-10,16262044011,13,B0GJ4SP6TQ,Dr.Forhair
2026-10-10,16262044011,15,B07KCFRSJD,Dr.Forhair
2026-10-10,16262044011,20,B0H3K8KKQ1,Ryo
2026-10-10,16262044011,48,B0FJRR4WRJ,Sungboon Editor
2026-10-10,16262044011,75,B0DM2KBG38,Dr.Groot
2026-10-10,7792493011,32,B0FCF2CD1K,medicube
2026-10-10,13861662011,1,B0GS8YKMN3,medicube
2026-10-10,13861662011,5,B0GCY2WFDV,medicube
2026-10-10,13861662011,24,B0H7RLFKX6,medicube
2026-10-10,13861662011,34,B0CWK6YQ7V,medicube
2026-10-10,13861662011,36,B0DHKK1DN6,medicube
2026-10-10,13861662011,76,B0GTPZ5QW5,medicube
2026-10-10,13861662011,86,B0H7RRXBPS,medicube
2026-10-10,13861662011,89,B0H7RDWPN8,medicube
2026-10-10,18065340011,1,B0FFF3757L,medicube
2026-10-10,18065340011,40,B0CZ8THK76,Aprilskin
2026-10-10,21481429011,6,B0GG8Q31R3,Dr.Melaxin
2026-10-10,21481429011,32,B0DK88TJST,Sungboon Editor
2026-10-10,16228321011,20,B0FFG2D7FF,Cosnori
2026-10-10,16228317011,44,B0CFLCYLHM,Espoir
2026-10-10,17269961011,1,B0D9VVQSW9,ohora
2026-10-10,17269961011,5,B09M5L7Q59,ohora
2026-10-10,17269961011,7,B0BKRKMZ22,ohora
2026-10-10,17269961011,8,B0FK4YLSLK,ohora
2026-10-10,17269961011,10,B0BKRKZVKC,ohora
2026-10-10,17269961011,11,B0FN3YW7J6,ohora
2026-10-10,17269961011,14,B09M5BSPWB,ohora
2026-10-10,17269961011,24,B0CBS1QNBJ,ohora
2026-10-10,17269961011,47,B0BKRKCMG2,ohora
2026-10-10,17269961011,52,B09VLBYJSK,ohora
2026-10-10,17269961011,74,B09LLN1FZZ,ohora
2026-10-10,17269961011,81,B08X8RHCZ7,ohora
2026-10-10,17269961011,87,B0BKRMSTYY,ohora
2026-10-10,17269961011,89,B0C9DCXGJ8,ohora
2026-10-10,17269961011,90,B0BKRNCNCK,ohora
2026-10-10,17269959011,12,B0HDNZDQDJ,ohora
2026-10-10,17269959011,42,B0HDP8NW1S,ohora
2026-10-10,17269959011,73,B0CMZKZ2DG,ohora
2026-10-10,17269958011,1,B0FK4B8PWL,ohora
2026-10-10,17269958011,3,B09Z9X5BZ3,ohora
2026-10-10,17269958011,8,B084FWPQYG,ohora
2026-10-10,17269958011,9,B0HDMRJ79G,ohora
2026-10-10,17269958011,15,B0H3NGN7QC,ohora
2026-10-10,17269958011,20,B0H9WBHLN4,ohora
2026-10-10,17269958011,53,B08WLF8TKL,ohora
2026-10-10,17269958011,65,B09WRRHBYW,ohora
2026-10-10,17269953011,29,B09M5BSPWB,ohora
2026-10-10,17269953011,58,B08XBCGLYW,ohora
2026-10-10,17269951011,25,B0CLDCF5CT,ohora
2026-10-10,17269951011,35,B0BKPD7DS7,ohora
2026-10-10,21579733011,55,B0HDC5BMBK,ohora
2026-10-10,21579733011,58,B09WRR43PY,ohora
2026-10-10,21579733011,99,B09WRR3CTV,ohora
2026-10-10,7792275011,4,B0CC2HZ8WL,d'Alba
2026-10-10,7792275011,24,B0B5DKJ8TS,COSRX
2026-10-10,7792275011,39,B09Z81FRRF,Abib
2026-10-10,7792275011,43,B07GR1JDBT,Klairs
2026-10-10,7792275011,47,B0CM8M8HP8,COSRX
2026-10-10,7792275011,64,B082Q511CV,Physiogel
2026-10-10,7792275011,93,B093K6F5ZD,SKIN1004
2026-10-10,7792275011,95,B0F89YXXN2,Hanyul
2026-10-10,7792277011,1,B0GVQ6NYR3,medicube
2026-10-10,7792277011,2,B0GKFD9ZQW,Anua
2026-10-10,7792277011,3,B0FQBL8S3K,eqqualberry
2026-10-10,7792277011,8,B0DK8JTL6S,Sungboon Editor
2026-10-10,7792277011,11,B0H75B6Z8J,eqqualberry
2026-10-10,7792277011,13,B0FWCG5SF3,Anua
2026-10-10,7792277011,15,B0CNC4FM93,Dr.Melaxin
2026-10-10,7792277011,17,B0HB9CM2GD,medicube
2026-10-10,7792277011,19,B0HCN99QHN,Sungboon Editor
2026-10-10,7792277011,25,B0CNBTDN3W,Dr.Melaxin
2026-10-10,7792277011,26,B0HGDZNVVZ,numbuzin
2026-10-10,7792277011,48,B0H7W7LKK7,medicube
2026-10-10,7792277011,54,B0H7WG63HK,medicube
2026-10-10,7792277011,85,B09Z35KP14,Isoi
2026-10-10,7792277011,92,B09YH62J2D,Isoi
2026-10-10,16479981011,1,B0DWFLY18Y,Anua
2026-10-10,16479981011,3,B0DGPSZVW3,medicube
2026-10-10,16479981011,4,B077RTL1HJ,Illiyoon
2026-10-10,16479981011,6,B0D2Z3GGCY,medicube
2026-10-10,16479981011,7,B0FKGJYFC8,Dr.Althea
2026-10-10,16479981011,8,B0DFY92NDB,Centellian24
2026-10-10,16479981011,12,B0BPXT3GBN,medicube
2026-10-10,16479981011,13,B09YDCCJBJ,Aestura
2026-10-10,16479981011,15,B0D4Y6MNTF,Purito
2026-10-10,16479981011,16,B0FS7QVSVC,Centellian24
2026-10-10,16479981011,18,B01LEJ5MSK,COSRX
2026-10-10,16479981011,19,B0DHKSF81K,celimax
2026-10-10,16479981011,21,B0BTPGPK7H,SKIN1004
2026-10-10,16479981011,31,B0GPPRTD32,Dr.Althea
2026-10-10,16479981011,32,B08WJQ3XJD,Beauty of Joseon
2026-10-10,16479981011,40,B0CNJ1Z2GL,Laneige
2026-10-10,16479981011,45,B0DKNP4TL6,medicube
2026-10-10,16479981011,47,B0DJ8FQDYL,Centellian24
2026-10-10,16479981011,51,B0FVY91T1Q,Centellian24
2026-10-10,16479981011,60,B0D8HMWWRG,Anua
2026-10-10,16479981011,61,B091PN6NPT,Etude
2026-10-10,16479981011,67,B0DYNQ393Y,COSRX
2026-10-10,16479981011,68,B072FH17NJ,COSRX
2026-10-10,16479981011,75,B0BCK9G74Q,medicube
2026-10-10,16479981011,76,B097PDX6JN,Torriden
2026-10-10,16479981011,77,B0DCBPWGBS,Anua
2026-10-10,16479981011,82,B0FX7W6QNB,medicube
2026-10-10,16479981011,83,B09GP95FQP,Mixsoon
2026-10-10,16479981011,94,B0CW7M2VBN,Innisfree
2026-10-10,16479981011,96,B0CRS3N43Q,belif
2026-10-10,15239989011,1,B0FVT77ZLL,Anua
2026-10-10,15239989011,2,B0BFQ9RD5B,d'Alba
2026-10-10,15239989011,3,B0GF86QJK7,BIODANCE
2026-10-10,15239989011,4,B0FYN9CJKC,medicube
2026-10-10,15239989011,5,B0FMWPNKJR,Dr.Althea
2026-10-10,15239989011,11,B0CNJ7FXH4,Laneige
2026-10-10,15239989011,12,B0FP15Q4RK,medicube
2026-10-10,15239989011,14,B0HD5TZZR3,d'Alba
2026-10-10,15239989011,16,B09BHSJQHB,Aestura
2026-10-10,15239989011,19,B0H6H5P4K2,Dr.Althea
2026-10-10,15239989011,29,B0GN8L3VRN,Anua
2026-10-10,15239989011,30,B0G2BSJ684,Haruharu Wonder
2026-10-10,15239989011,31,B0H4QPP5LB,fwee
2026-10-10,15239989011,33,B0G1YFSPYS,d'Alba
2026-10-10,15239989011,35,B0GXF597T7,Anua
2026-10-10,15239989011,45,B0CQKVC9J4,Jung Saem Mool
2026-10-10,15239989011,46,B0BL3NN8CT,d'Alba
2026-10-10,15239989011,47,B0GBTDS343,Anua
2026-10-10,15239989011,49,B0F3HXJ8Q5,VT
2026-10-10,15239989011,57,B0FNWC39SH,COSRX
2026-10-10,15239989011,69,B0FS14HRMY,Dr.Althea
2026-10-10,15239989011,78,B08KQFTDH9,d'Alba
2026-10-10,15239989011,79,B0GKY42L9P,Bioheal Boh
2026-10-10,15239989011,87,B0CJF85J67,Sungboon Editor
2026-10-10,15239989011,89,B0HF888JX5,Klairs
2026-10-10,15239989011,93,B0DC68VMXG,Bioheal Boh
2026-10-10,15239989011,100,B07THBLRCK,Haruharu Wonder
2026-10-10,7792527011,8,B0B5DHH6S4,COSRX
2026-10-10,7792527011,62,B07QQDLXV7,Haruharu Wonder
2026-10-10,7730193011,1,B0DYTQ5GYQ,medicube
2026-10-10,7730193011,7,B0BVV8BNYJ,Anua
2026-10-10,7730193011,16,B08FMCMGN6,Round Lab
2026-10-10,7730193011,30,B00FJ2LU2Q,The Face Shop
2026-10-10,7730193011,35,B0FPQNL9K7,Anua
2026-10-10,7730193011,43,B0CX2QR1HR,Innisfree
2026-10-10,7730193011,50,B0CMPSYW3M,Anua
2026-10-10,7730193011,53,B0DRBKTCL1,Beplain
2026-10-10,7730193011,55,B09JBJDFHH,SKIN1004
2026-10-10,7730193011,56,B0D9TX8G86,SKIN1004
2026-10-10,7730193011,60,B00AMXG15I,Sulwhasoo
2026-10-10,7730193011,81,B092PTSDB4,Etude
2026-10-10,7730193011,85,B0B3R661JP,Beauty of Joseon
2026-10-10,7730193011,88,B0CX2MJ6M2,Innisfree
2026-10-10,7730193011,90,B0CMQ7B68P,Mixsoon
2026-10-10,7730193011,99,B09BHQPYN4,Aestura
2026-10-10,7792936011,6,B0179IBBEE,COSRX
2026-10-10,7792936011,25,B076DDR998,COSRX
2026-10-10,7792936011,59,B0CKSYB7HF,Mediheal
2026-10-10,7792936011,60,B0CQHKWQM4,COSRX
2026-10-10,7792936011,76,B0B15P2GZY,VT
2026-10-10,7792936011,89,B084L1KTFB,COSRX
2026-10-10,7792936011,100,B0CDBX6YBB,Mediheal
2026-10-10,7792528011,1,B0DBF65JYY,medicube
2026-10-10,7792528011,2,B0DG1DQ2S7,Anua
2026-10-10,7792528011,3,B0DK4Y2YP3,celimax
2026-10-10,7792528011,4,B0D16L5F2M,medicube
2026-10-10,7792528011,5,B0GCC2JV65,medicube
2026-10-10,7792528011,6,B00PBX3L7K,COSRX
2026-10-10,7792528011,7,B0FGQ3J31K,eqqualberry
2026-10-10,7792528011,9,B0DG4WXBCF,Meditherapy
2026-10-10,7792528011,10,B0CLLV2T1P,Anua
2026-10-10,7792528011,13,B0CCJ3SRB9,COSRX
2026-10-10,7792528011,14,B0D8W1YVBX,eqqualberry
2026-10-10,7792528011,15,B06Y15D1LH,SKIN1004
2026-10-10,7792528011,18,B07WZ2YTDP,Torriden
2026-10-10,7792528011,21,B0D8W2W8C2,eqqualberry
2026-10-10,7792528011,23,B0DLB58CWR,Anua
2026-10-10,7792528011,25,B0GS1DYZHG,Sungboon Editor
2026-10-10,7792528011,27,B0C2TQ24VY,VT
2026-10-10,7792528011,28,B0DLKGLBPG,numbuzin
2026-10-10,7792528011,32,B0CRDQPLCM,Sungboon Editor
2026-10-10,7792528011,36,B08BZCY3Y1,Rejuran
2026-10-10,7792528011,37,B0FT7TKN36,medicube
2026-10-10,7792528011,40,B07NNVZNQR,iUNIK
2026-10-10,7792528011,42,B0GV2J43Q9,SKIN1004
2026-10-10,7792528011,43,B0H3KJ25GN,medicube
2026-10-10,7792528011,45,B09DLFCB69,Beauty of Joseon
2026-10-10,7792528011,51,B0FKSM8L9H,BIODANCE
2026-10-10,7792528011,52,B0FR4QYNK5,medicube
2026-10-10,7792528011,55,B0FPFDSC7X,medicube
2026-10-10,7792528011,56,B0FG7VLJKG,medicube
2026-10-10,7792528011,57,B0FG38CL5H,d'Alba
2026-10-10,7792528011,58,B0DZGKNPRB,Beauty of Joseon
2026-10-10,7792528011,60,B0D54G6811,Anua
2026-10-10,7792528011,62,B085VWWJJT,medicube
2026-10-10,7792528011,63,B0D9W15N21,Dr.Melaxin
2026-10-10,7792528011,65,B0DGLCRZZ3,Dr.Althea
2026-10-10,7792528011,76,B0CRKPZ9PQ,VT
2026-10-10,7792528011,77,B0FM23ZR4H,Jumiso
2026-10-10,7792528011,78,B08ZXVVY8M,Mixsoon
2026-10-10,7792528011,83,B0GWLKCFSM,Purito
2026-10-10,7792528011,84,B0GMPMZB3G,Abib
2026-10-10,7792528011,85,B0GGGCV238,Goodal
2026-10-10,7792528011,90,B0C61FD7P9,numbuzin
2026-10-10,7792528011,91,B0H4G5TBGM,BIODANCE
2026-10-10,7792528011,97,B0FWQGLTQV,COSRX
2026-10-10,7792926011,2,B0DJPB7H94,Dr.Melaxin
2026-10-10,7792926011,5,B0FPC99SSJ,medicube
2026-10-10,7792926011,7,B08ZN13FNL,ma:nyo
2026-10-10,7792926011,15,B0G11YSHWN,medicube
2026-10-10,7792926011,18,B09KH1NN7B,Beauty of Joseon
2026-10-10,7792926011,23,B0BRR9S1NN,Dr.G
2026-10-10,7792926011,24,B07MG4J44D,celimax
2026-10-10,7792926011,29,B0FWR99WNV,Mediheal
2026-10-10,7792926011,30,B0FT3K7B2Y,Centellian24
2026-10-10,7792926011,34,B0B565BHXK,Aprilskin
2026-10-10,7792926011,38,B08RYC42CZ,Aprilskin
2026-10-10,7792926011,46,B0CGJBNV5C,celimax
2026-10-10,7792926011,49,B0BVVJYVBK,Anua
2026-10-10,7792926011,50,B0FSKDKKL4,Dr.Melaxin
2026-10-10,7792926011,53,B0GF84FPXV,Dr.Melaxin
2026-10-10,7792926011,54,B0GWL13NZD,COSRX
2026-10-10,7792926011,57,B09218CPVB,COSRX
2026-10-10,7792926011,63,B0H6ZGQQL2,celimax
2026-10-10,7792926011,67,B0GL83PTCL,I'm From
2026-10-10,7792926011,68,B0GFD2P92J,medicube
2026-10-10,7792926011,69,B0GXXQHBLR,MISSHA
2026-10-10,7792926011,70,B0FSK9F16B,Dr.Melaxin
2026-10-10,7792926011,72,B019RTEKO6,Neogen
2026-10-10,7792926011,76,B0CJ92P643,COSRX
2026-10-10,7792926011,91,B0GGDV24DX,medicube
2026-10-10,7792926011,93,B08RDB7VWM,Aprilskin
2026-10-10,19171614011,71,B0G12V3QBN,ohora
2026-10-10,19171615011,73,B09S374DV7,Cosnori
2026-10-10,15239990011,11,B0G4J6DH4W,Anua
2026-10-10,15239990011,45,B0BZ3Q4ZD9,Haruharu Wonder
2026-10-10,15239990011,72,B0GXB74B61,Tocobo
2026-10-10,15239990011,73,B0BG96C9KG,belif
2026-10-10,15239990011,77,B0H7J2698N,Dr.Althea
2026-10-10,15239990011,85,B0H9C6FDG4,medicube
2026-10-10,7792567011,1,B0FXH5LHN8,SKIN1004
2026-10-10,7792567011,5,B0DKJ3BX2F,d'Alba
2026-10-10,7792567011,7,B0FPQGLYK9,medicube
2026-10-10,7792567011,8,B0C45CK57M,Abib
2026-10-10,7792567011,10,B0H7WYBCQJ,Beauty of Joseon
2026-10-10,7792567011,12,B0DWSL3ZBQ,Anua
2026-10-10,7792567011,14,B0FQ531HJL,Round Lab
2026-10-10,7792567011,18,B0GR23K9GY,Innisfree
2026-10-10,7792567011,24,B09ZY7468X,COSRX
2026-10-10,7792567011,30,B0GPPMKQWG,Tocobo
2026-10-10,7792567011,47,B0GWFQZTQD,Innisfree
2026-10-10,7792567011,48,B0DK4MXPMD,Round Lab
2026-10-10,7792567011,60,B0F2HL5XPT,Round Lab
2026-10-10,7792567011,61,B0H86VC62C,Beauty of Joseon
2026-10-10,7792567011,67,B0C7B55GS3,Isntree
2026-10-10,7792567011,69,B0DNS7RJHX,d'Alba
2026-10-10,7792567011,71,B0CVQR5BSK,Innisfree
2026-10-10,7792567011,73,B0GY14XSSW,celimax
2026-10-10,7792567011,77,B0G7SVS6YV,Mixsoon
2026-10-10,7792567011,86,B0H4TLVRBG,Purito
2026-10-10,7792567011,92,B0FLXTFPY1,Anua
2026-10-10,7792567011,97,B0G41KJ6TT,Haruharu Wonder
2026-10-10,7792567011,98,B0FCDSZ3JH,Anua
2026-10-10,7792497011,24,B0CZ8THK76,Aprilskin
2026-10-10,7792497011,68,B08YDSJQXS,Aprilskin
2026-10-11,beauty,1,B09V7Z4TJG,medicube
2026-10-11,beauty,2,B0B2RM68G2,BIODANCE
2026-10-11,beauty,3,B0DWFLY18Y,Anua
2026-10-11,beauty,5,B0GHMZXX8Y,medicube
2026-10-11,beauty,10,B0DGTMR754,medicube
2026-10-11,beauty,11,B0DGPSZVW3,medicube
2026-10-11,beauty,15,B0FVT77ZLL,Anua
2026-10-11,beauty,17,B0DBF65JYY,medicube
2026-10-11,beauty,20,B0DG1DQ2S7,Anua
2026-10-11,beauty,21,B0GD6R7CFJ,BIODANCE
2026-10-11,beauty,24,B0DYTQ5GYQ,medicube
2026-10-11,beauty,25,B0BRMYHMS5,medicube
2026-10-11,beauty,28,B077RTL1HJ,Illiyoon
2026-10-11,beauty,30,B0DK4Y2YP3,celimax
2026-10-11,beauty,32,B07XXPHQZK,Laneige
2026-10-11,beauty,35,B0G38FGSKL,medicube
2026-10-11,beauty,38,B0DFY92NDB,Centellian24
2026-10-11,beauty,41,B0FKGJYFC8,Dr.Althea
2026-10-11,beauty,42,B0D2Z3GGCY,medicube
2026-10-11,beauty,47,B0DSLXS4G9,Laneige
2026-10-11,beauty,52,B0GVQ6NYR3,medicube
2026-10-11,beauty,59,B0GCC2JV65,medicube
2026-10-11,beauty,65,B0D16L5F2M,medicube
2026-10-11,beauty,72,B0FGQ3J31K,eqqualberry
2026-10-11,beauty,73,B0DWMSM6Y9,medicube
2026-10-11,beauty,74,B07DY2QRF6,Laneige
2026-10-11,beauty,76,B0FXH5LHN8,SKIN1004
2026-10-11,beauty,79,B0BFQ9RD5B,d'Alba
2026-10-11,beauty,81,B0DG4WXBCF,Meditherapy
2026-10-11,beauty,82,B00PBX3L7K,COSRX
2026-10-11,beauty,83,B0GKFD9ZQW,Anua
2026-10-11,beauty,89,B0CLLV2T1P,Anua
2026-10-11,beauty,94,B0B45LL4DD,Beauty of Joseon
2026-10-11,3761351,2,B07XXPHQZK,Laneige
2026-10-11,3761351,3,B07DY2QRF6,Laneige
2026-10-11,3761351,10,B0BWX6NZLT,Nooni
2026-10-11,3761351,31,B0FWCF61VF,Anua
2026-10-11,3761351,41,B0CKV7JNFX,Nature Republic
2026-10-11,3761351,48,B0FLPNFD5L,Illiyoon
2026-10-11,3761351,80,B0B9HPYZJH,Laneige
2026-10-11,3761351,86,B0GKNKLZ7K,Haruharu Wonder
2026-10-11,3761351,94,B0CZXG68J4,CNP
2026-10-11,3781911,11,B079V262GN,Dashu
2026-10-11,3784921,37,B09NNBKF15,SKIN1004
2026-10-11,3799601,27,B09NNGVFYV,Kundal
2026-10-11,11055991,84,B0FGXR8D12,medicube
2026-10-11,11056281,13,B0FNWJFQFM,medicube
2026-10-11,11056281,81,B087LYWWW4,Some By Mi
2026-10-11,11056291,8,B0FNWJFQFM,medicube
2026-10-11,11056291,52,B087LYWWW4,Some By Mi
2026-10-11,11056471,2,B0FR89KK44,medicube
2026-10-11,11056471,11,B0GGYG8L55,medicube
2026-10-11,11056491,54,B0FGXR8D12,medicube
2026-10-11,11056581,17,B0HCZKR164,medicube
2026-10-11,11056581,81,B0HKS29YNR,medicube
2026-10-11,11057241,11,B081JHTPKP,Mise en scène
2026-10-11,11057441,39,B08D5XN8R4,Kundal
2026-10-11,11057441,52,B0BN3WXMGN,Mise en scène
2026-10-11,11057441,72,B0GN287VNX,medicube
2026-10-11,11057581,28,B0DK22L979,Dr.Groot
2026-10-11,11057581,34,B09QKR5RPT,Elizavecca
2026-10-11,11057581,53,B0F6GTGQ4X,Dr.Groot
2026-10-11,11057581,78,B0DNLMNTH2,Dr.Groot
2026-10-11,11057841,4,B081JHTPKP,Mise en scène
2026-10-11,11058091,92,B0H293BM5T,medicube
2026-10-11,11058121,34,B0H293BM5T,medicube
2026-10-11,11058281,7,B0DSLXS4G9,Laneige
2026-10-11,11058281,36,B0BN2PX8V3,Anua
2026-10-11,11058281,53,B002BADJVE,MISSHA
2026-10-11,11058281,58,B0CPYD5CFQ,Etude
2026-10-11,11058281,59,B09LCMQM44,TIRTIR
2026-10-11,11058281,60,B07T5BN3P2,SKIN1004
2026-10-11,11058281,66,B0DZMMBF3J,TIRTIR
2026-10-11,11058281,72,B0GF21LCW2,LAKA
2026-10-11,11058281,79,B0D34BYX7J,CLIO
2026-10-11,11058331,26,B0CPYD5CFQ,Etude
2026-10-11,11058331,35,B0D34BYX7J,CLIO
2026-10-11,11058361,23,B0CT2J3S2H,CLIO
2026-10-11,11058451,41,B0C92RLGRF,Espoir
2026-10-11,11058451,46,B0GL8C1789,Etude
2026-10-11,11058451,73,B0BZNBQM6Q,Peripera
2026-10-11,11058451,80,B0DP71K2TM,Peripera
2026-10-11,11058451,89,B0C8TGFLW4,Espoir
2026-10-11,11058451,98,B0FBW7D84N,Cosnori
2026-10-11,11058521,38,B0DL5LY1PM,CLIO
2026-10-11,11058521,45,B0F9381NNZ,CLIO
2026-10-11,11058521,54,B0DHS9NY3G,CLIO
2026-10-11,11058611,11,B0CPYD5CFQ,Etude
2026-10-11,11058611,14,B0D34BYX7J,CLIO
2026-10-11,11058691,14,B002BADJVE,MISSHA
2026-10-11,11058691,17,B09LCMQM44,TIRTIR
2026-10-11,11058691,19,B0DZMMBF3J,TIRTIR
2026-10-11,11058691,32,B0DHWFT182,Laneige
2026-10-11,11058691,46,B00BR3VPLC,Touch in Sol
2026-10-11,11058711,25,B0FCMC4GBP,Jung Saem Mool
2026-10-11,11058711,32,B0DT91YG15,CLIO
2026-10-11,11058711,42,B0CXX11MJG,fwee
2026-10-11,11058711,51,B0DGSV6RQC,dasique
2026-10-11,11058711,53,B0F98PVKTW,Bbia
2026-10-11,11058711,62,B0FWHN4HWG,TIRTIR
2026-10-11,11058711,69,B0CT2L2V97,Dear Dahlia
2026-10-11,11058711,71,B0DPWWYXYG,Etude
2026-10-11,11058711,83,B0DYCFVD2Y,Peripera
2026-10-11,11058791,25,B0F6V1QCCP,TIRTIR
2026-10-11,11058791,65,B00X849B8C,the SAEM
2026-10-11,11058791,81,B0C61RL5X7,the SAEM
2026-10-11,11058871,3,B09LCMQM44,TIRTIR
2026-10-11,11058871,32,B0FBX37X5K,Jung Saem Mool
2026-10-11,11058871,34,B0GL8SKDBN,Jung Saem Mool
2026-10-11,11058871,36,B0DT17P8HZ,Espoir
2026-10-11,11058871,37,B0DW47T71F,TIRTIR
2026-10-11,11058871,55,B082W1DZ4R,Jung Saem Mool
2026-10-11,11058871,58,B0HB8PM1V7,HERA
2026-10-11,11058871,68,B0DG2LLG3C,TIRTIR
2026-10-11,11058871,69,B00U3TE9ZU,MISSHA
2026-10-11,11058871,82,B0F6WVCJ51,TIRTIR
2026-10-11,11058871,84,B0FT28XK4D,CLIO
2026-10-11,11058971,3,B0DHWFT182,Laneige
2026-10-11,11058971,34,B0CWN955CQ,Innisfree
2026-10-11,11058971,36,B0CFDQJKSH,Etude
2026-10-11,11058971,79,B07YBQ76YW,SKINFOOD
2026-10-11,11059031,1,B0DSLXS4G9,Laneige
2026-10-11,11059031,12,B0GF21LCW2,LAKA
2026-10-11,11059031,31,B0F242ZPX5,Peripera
2026-10-11,11059031,33,B0G7NRYFJS,Laneige
2026-10-11,11059031,50,B0GWPHKD43,LAKA
2026-10-11,11059031,65,B0GL8FD2QH,Etude
2026-10-11,11059031,69,B0CWN3MD25,Nature Republic
2026-10-11,11059031,74,B0GH7VCKV7,Colorgram
2026-10-11,11059031,82,B0GFHD3PVX,Peripera
2026-10-11,11059041,1,B0DSLXS4G9,Laneige
2026-10-11,11059041,16,B0CWN3MD25,Nature Republic
2026-10-11,11059041,35,B0G4T6FJQ8,HERA
2026-10-11,11059041,36,B0GSGWFVVW,rom&nd
2026-10-11,11059041,37,B07V4QY6F5,Dear Dahlia
2026-10-11,11059041,52,B0DW3VDN28,CNP
2026-10-11,11059041,68,B0FJRRG793,fwee
2026-10-11,11059041,72,B0GWP8ZMDY,Colorgram
2026-10-11,11059041,87,B0F4D9XVGG,Dear Dahlia
2026-10-11,11059041,90,B0GYV55BT6,rom&nd
2026-10-11,11059041,100,B0C4XLL9S2,Peripera
2026-10-11,11059051,4,B0F242ZPX5,Peripera
2026-10-11,11059051,5,B0G7NRYFJS,Laneige
2026-10-11,11059051,6,B0GL8FD2QH,Etude
2026-10-11,11059051,7,B0GWPPBKQ6,LAKA
2026-10-11,11059051,9,B0GH7VCKV7,Colorgram
2026-10-11,11059051,11,B0GFHD3PVX,Peripera
2026-10-11,11059051,20,B0FRLBNPY6,Aprilskin
2026-10-11,11059051,21,B092426CYY,rom&nd
2026-10-11,11059051,22,B0GJS1JNWZ,CLIO
2026-10-11,11059051,24,B0CNCSLDBB,Etude
2026-10-11,11059051,32,B0F5GMN738,LAKA
2026-10-11,11059051,38,B0DL481TH2,Etude
2026-10-11,11059051,39,B0GRGJ25Y3,hince
2026-10-11,11059051,40,B0CL3SS697,Colorgram
2026-10-11,11059051,41,B0FLBTK6P2,Etude
2026-10-11,11059051,52,B0DWDDKYDG,Bbia
2026-10-11,11059051,53,B0GH41SSKP,fwee
2026-10-11,11059051,57,B0H8T7JFYW,HERA
2026-10-11,11059051,58,B0DSBWW7Z1,TIRTIR
2026-10-11,11059051,59,B0FN6N4JYK,Peripera
2026-10-11,11059051,60,B0DNS64P6M,hince
2026-10-11,11059051,66,B0F9937JN8,Bbia
2026-10-11,11059051,68,B0GR1SKWJ4,rom&nd
2026-10-11,11059051,72,B0FFMMYJNS,LAKA
2026-10-11,11059051,73,B0DK6ZY8WQ,Peripera
2026-10-11,11059051,79,B0DDCKZ4RJ,Colorgram
2026-10-11,11059051,80,B0DYCYDV6R,Peripera
2026-10-11,11059051,81,B0F249GPMQ,Peripera
2026-10-11,11059051,82,B0DPX8FZPL,Espoir
2026-10-11,11059051,85,B0GP5T82M3,AMUSE
2026-10-11,11059051,98,B0CXWVCMGC,fwee
2026-10-11,11059101,3,B0GF21LCW2,LAKA
2026-10-11,11059101,66,B0G8GQ26LC,fwee
2026-10-11,11059101,73,B0C8H6D9RN,rom&nd
2026-10-11,11059101,74,B0D2R565NK,Lilybyred
2026-10-11,11059101,89,B0FSDJKVSF,Banila Co
2026-10-11,11059221,7,B0GLM99D2H,Banila Co
2026-10-11,11059221,44,B0F9YRBR3N,HERA
2026-10-11,11059231,5,B0BN2PX8V3,Anua
2026-10-11,11059231,6,B07T5BN3P2,SKIN1004
2026-10-11,11059231,9,B09N919SS5,Beauty of Joseon
2026-10-11,11059231,10,B0GFCM7SYH,Banila Co
2026-10-11,11059231,12,B01N5K834V,ma:nyo
2026-10-11,11059231,15,B07KG2XX67,The Face Shop
2026-10-11,11059231,19,B0FP176X2H,medicube
2026-10-11,11059231,28,B0D1Q43KQZ,Beauty of Joseon
2026-10-11,11059231,30,B0B884JBNQ,SKIN1004
2026-10-11,11059231,36,B08W1ZHTL3,Haruharu Wonder
2026-10-11,11059231,37,B0CTK1TYNG,Dr.Althea
2026-10-11,11059231,38,B0D9TX8G86,SKIN1004
2026-10-11,11059231,44,B0B3R661JP,Beauty of Joseon
2026-10-11,11059231,51,B00A7I27QA,Sulwhasoo
2026-10-11,11059231,57,B0943CP9KT,Round Lab
2026-10-11,11059231,58,B08BZ254B7,Make P:rem
2026-10-11,11059231,65,B0GF8DLCRW,medicube
2026-10-11,11059231,72,B0DRBTCZ9B,Beplain
2026-10-11,11059231,74,B00809ERAM,The Face Shop
2026-10-11,11059231,81,B0GFCNZM2N,medicube
2026-10-11,11059231,84,B07GYM1DPM,Hanskin
2026-10-11,11059231,85,B0C44X5JML,COSRX
2026-10-11,11059231,86,B09Y5GSG45,Isntree
2026-10-11,11059231,88,B0BXL4P558,Mixsoon
2026-10-11,11059231,91,B0H9W6PS3T,medicube
2026-10-11,11059231,95,B099RN4FCW,Pyunkang Yul
2026-10-11,11059231,97,B0CH9LHYML,Ariul
2026-10-11,11059311,30,B0D9VVQSW9,ohora
2026-10-11,11059371,24,B09K3D5FD1,ohora
2026-10-11,11059391,64,B0D1XLXSSY,medicube
2026-10-11,11059431,8,B0D1XLXSSY,medicube
2026-10-11,11059441,23,B0DYNW282Q,fwee
2026-10-11,11059501,49,B0DG6KNXHL,Espoir
2026-10-11,11059501,65,B0FWK29YX2,TIRTIR
2026-10-11,11060451,1,B09V7Z4TJG,medicube
2026-10-11,11060451,2,B0B2RM68G2,BIODANCE
2026-10-11,11060451,3,B0DWFLY18Y,Anua
2026-10-11,11060451,5,B0GHMZXX8Y,medicube
2026-10-11,11060451,9,B0DGTMR754,medicube
2026-10-11,11060451,10,B0DGPSZVW3,medicube
2026-10-11,11060451,12,B0FVT77ZLL,Anua
2026-10-11,11060451,13,B0DBF65JYY,medicube
2026-10-11,11060451,14,B0DG1DQ2S7,Anua
2026-10-11,11060451,15,B0GD6R7CFJ,BIODANCE
2026-10-11,11060451,16,B0DYTQ5GYQ,medicube
2026-10-11,11060451,17,B0BRMYHMS5,medicube
2026-10-11,11060451,18,B077RTL1HJ,Illiyoon
2026-10-11,11060451,21,B0DK4Y2YP3,celimax
2026-10-11,11060451,23,B07XXPHQZK,Laneige
2026-10-11,11060451,25,B0G38FGSKL,medicube
2026-10-11,11060451,28,B0DFY92NDB,Centellian24
2026-10-11,11060451,31,B0FKGJYFC8,Dr.Althea
2026-10-11,11060451,32,B0D2Z3GGCY,medicube
2026-10-11,11060451,38,B0GVQ6NYR3,medicube
2026-10-11,11060451,41,B0GCC2JV65,medicube
2026-10-11,11060451,45,B0D16L5F2M,medicube
2026-10-11,11060451,48,B0FGQ3J31K,eqqualberry
2026-10-11,11060451,49,B0DWMSM6Y9,medicube
2026-10-11,11060451,50,B07DY2QRF6,Laneige
2026-10-11,11060451,51,B0FXH5LHN8,SKIN1004
2026-10-11,11060451,53,B0BFQ9RD5B,d'Alba
2026-10-11,11060451,54,B0DG4WXBCF,Meditherapy
2026-10-11,11060451,55,B00PBX3L7K,COSRX
2026-10-11,11060451,56,B0GKFD9ZQW,Anua
2026-10-11,11060451,60,B0CLLV2T1P,Anua
2026-10-11,11060451,61,B0B45LL4DD,Beauty of Joseon
2026-10-11,11060451,70,B0BVV8BNYJ,Anua
2026-10-11,11060451,75,B01CVXSPBO,Abib
2026-10-11,11060451,78,B0D54F8XYK,Anua
2026-10-11,11060451,84,B0FQBL8S3K,eqqualberry
2026-10-11,11060451,85,B0BPXT3GBN,medicube
2026-10-11,11060451,87,B0DKJ3BX2F,d'Alba
2026-10-11,11060451,90,B0D8W1YVBX,eqqualberry
2026-10-11,11060451,91,B0FNWJFQFM,medicube
2026-10-11,11060451,94,B0CNCL35CH,Dr.Melaxin
2026-10-11,11060451,99,B0CCJ3SRB9,COSRX
2026-10-11,11060521,15,B0FPQ3Z16S,medicube
2026-10-11,11060521,23,B0FNWJFQFM,medicube
2026-10-11,11060521,48,B081PPNRNF,Illiyoon
2026-10-11,11060521,77,B0FR89KK44,medicube
2026-10-11,11060661,6,B0FPQ3Z16S,medicube
2026-10-11,11060661,19,B081PPNRNF,Illiyoon
2026-10-11,11060681,2,B0FPQ3Z16S,medicube
2026-10-11,11060681,9,B081PPNRNF,Illiyoon
2026-10-11,11060681,60,B0G5XH93WN,medicube
2026-10-11,11060681,91,B0GYDBDWCK,Some By Mi
2026-10-11,11060711,1,B09V7Z4TJG,medicube
2026-10-11,11060711,2,B0B2RM68G2,BIODANCE
2026-10-11,11060711,3,B0DWFLY18Y,Anua
2026-10-11,11060711,8,B0DGTMR754,medicube
2026-10-11,11060711,9,B0DGPSZVW3,medicube
2026-10-11,11060711,10,B0FVT77ZLL,Anua
2026-10-11,11060711,11,B0DBF65JYY,medicube
2026-10-11,11060711,12,B0DG1DQ2S7,Anua
2026-10-11,11060711,13,B0DYTQ5GYQ,medicube
2026-10-11,11060711,14,B0BRMYHMS5,medicube
2026-10-11,11060711,15,B077RTL1HJ,Illiyoon
2026-10-11,11060711,17,B0DK4Y2YP3,celimax
2026-10-11,11060711,21,B0DFY92NDB,Centellian24
2026-10-11,11060711,23,B0FKGJYFC8,Dr.Althea
2026-10-11,11060711,24,B0D2Z3GGCY,medicube
2026-10-11,11060711,27,B0GVQ6NYR3,medicube
2026-10-11,11060711,29,B0GCC2JV65,medicube
2026-10-11,11060711,32,B0D16L5F2M,medicube
2026-10-11,11060711,34,B0FGQ3J31K,eqqualberry
2026-10-11,11060711,36,B0BFQ9RD5B,d'Alba
2026-10-11,11060711,37,B0DG4WXBCF,Meditherapy
2026-10-11,11060711,38,B00PBX3L7K,COSRX
2026-10-11,11060711,39,B0GKFD9ZQW,Anua
2026-10-11,11060711,41,B0CLLV2T1P,Anua
2026-10-11,11060711,46,B0BVV8BNYJ,Anua
2026-10-11,11060711,48,B0D54F8XYK,Anua
2026-10-11,11060711,52,B0FQBL8S3K,eqqualberry
2026-10-11,11060711,53,B0BPXT3GBN,medicube
2026-10-11,11060711,54,B0D8W1YVBX,eqqualberry
2026-10-11,11060711,55,B0GF86QJK7,BIODANCE
2026-10-11,11060711,57,B0CCJ3SRB9,COSRX
2026-10-11,11060711,59,B09YDCCJBJ,Aestura
2026-10-11,11060711,62,B06Y15D1LH,SKIN1004
2026-10-11,11060711,70,B07WZ2YTDP,Torriden
2026-10-11,11060711,71,B0D4Y6MNTF,Purito
2026-10-11,11060711,73,B0FS7QVSVC,Centellian24
2026-10-11,11060711,74,B0DKJ3BX2F,d'Alba
2026-10-11,11060711,76,B002BADJVE,MISSHA
2026-10-11,11060711,81,B0D8W2W8C2,eqqualberry
2026-10-11,11060711,83,B0FPQGLYK9,medicube
2026-10-11,11060711,90,B01LEJ5MSK,COSRX
2026-10-11,11060711,92,B0DHKSF81K,celimax
2026-10-11,11060711,93,B0G616CQHX,SKIN1004
2026-10-11,11060711,94,B0DLB58CWR,Anua
2026-10-11,11060711,96,B0DJPB7H94,Dr.Melaxin
2026-10-11,11060711,97,B0D1G7XF9X,medicube
2026-10-11,11060901,3,B0DYTQ5GYQ,medicube
2026-10-11,11060901,9,B0BVV8BNYJ,Anua
2026-10-11,11060901,26,B08FMCMGN6,Round Lab
2026-10-11,11060901,44,B0F83N244B,medicube
2026-10-11,11060901,49,B00FJ2LU2Q,The Face Shop
2026-10-11,11060901,65,B0FPQNL9K7,Anua
2026-10-11,11060901,67,B016NRXO06,COSRX
2026-10-11,11060901,73,B0F29C8N84,medicube
2026-10-11,11060901,89,B0CMPSYW3M,Anua
2026-10-11,11060901,93,B08W2HG4WP,Haruharu Wonder
2026-10-11,11060901,96,B0CX2QR1HR,Innisfree
2026-10-11,11061001,4,B016NRXO06,COSRX
2026-10-11,11061001,8,B08W2HG4WP,Haruharu Wonder
2026-10-11,11061001,12,B0DSZZKTM5,Illiyoon
2026-10-11,11061001,13,B08H6PHF2N,COSRX
2026-10-11,11061001,34,B0DWKS952Y,Laneige
2026-10-11,11061001,42,B0F542MCPD,belif
2026-10-11,11061001,63,B0GHXKSZKR,medicube
2026-10-11,11061001,67,B0HF441PNN,numbuzin
2026-10-11,11061001,68,B0CDBQ69WL,Haruharu Wonder
2026-10-11,11061001,71,B0CKVL9PGY,Haruharu Wonder
2026-10-11,11061001,80,B0FVWQH8DS,Sungboon Editor
2026-10-11,11061001,83,B0CLGGP723,Dr.Althea
2026-10-11,11061091,8,B075GWQMP6,TONYMOLY
2026-10-11,11061091,56,B0G4L243XR,belif
2026-10-11,11061091,61,B0F28SB2FL,Purito
2026-10-11,11061091,71,B0CSL2X3G2,The Face Shop
2026-10-11,11061091,78,B01H6EHVK4,SKINFOOD
2026-10-11,11061121,1,B0B2RM68G2,BIODANCE
2026-10-11,11061121,2,B0DGTMR754,medicube
2026-10-11,11061121,3,B0BRMYHMS5,medicube
2026-10-11,11061121,4,B0D1G7XF9X,medicube
2026-10-11,11061121,5,B0DWX8N3ML,Mediheal
2026-10-11,11061121,6,B0FWK57DL4,COSRX
2026-10-11,11061121,7,B0CJFFR574,Sungboon Editor
2026-10-11,11061121,8,B0G11L8F7C,medicube
2026-10-11,11061121,9,B0C8Y1TSKZ,SKIN1004
2026-10-11,11061121,10,B0H3QQ1SDP,TONYMOLY
2026-10-11,11061121,11,B0FKTKF8RB,medicube
2026-10-11,11061121,12,B083X5R6VR,VT
2026-10-11,11061121,13,B0CYMZC3C6,Rejuran
2026-10-11,11061121,14,B09XWHB1HR,Mediheal
2026-10-11,11061121,18,B0F83HQCFN,COSRX
2026-10-11,11061121,22,B0DF81C9TM,Dr.Jart+
2026-10-11,11061121,24,B0F798SK7J,Illiyoon
2026-10-11,11061121,27,B08TBJY2DP,Torriden
2026-10-11,11061121,30,B0CQZ3W88P,Innisfree
2026-10-11,11061121,31,B0DWXCNQN4,Anua
2026-10-11,11061121,37,B0D3GSS93N,medicube
2026-10-11,11061121,38,B0DHJJHCJS,Anua
2026-10-11,11061121,39,B08JSL9W6K,COSRX
2026-10-11,11061121,41,B0DZWGLV9G,Aprilskin
2026-10-11,11061121,42,B0CZ7MXPG8,Laneige
2026-10-11,11061121,45,B0DHGWWCNM,VT
2026-10-11,11061121,49,B0G38HDCJF,medicube
2026-10-11,11061121,54,B0FWCDZD4H,Anua
2026-10-11,11061121,56,B0DXZVNYKM,medicube
2026-10-11,11061121,61,B0GG8Q31R3,Dr.Melaxin
2026-10-11,11061121,62,B0BJPKX14D,Beauty of Joseon
2026-10-11,11061121,65,B0D172K61R,Mediheal
2026-10-11,11061121,68,B0GGGJJQZX,ma:nyo
2026-10-11,11061121,74,B0CLNS5XX8,Torriden
2026-10-11,11061121,79,B0FX3BBXYR,Dr.Jart+
2026-10-11,11061121,80,B0F3HYKX8T,Mixsoon
2026-10-11,11061121,82,B0DLKG4Q9X,numbuzin
2026-10-11,11061121,85,B0FJWMY7TM,Abib
2026-10-11,11061121,90,B0DBRJTLVW,The Face Shop
2026-10-11,11061121,91,B0GDQBZMP7,Dr.Melaxin
2026-10-11,11061121,92,B0DJ98TSVQ,Mediheal
2026-10-11,11061121,97,B0F7ZJNLZ1,Laneige
2026-10-11,11061121,98,B0F1TSCGWN,BIODANCE
2026-10-11,11061151,7,B0G4L243XR,belif
2026-10-11,11061151,8,B0F28SB2FL,Purito
2026-10-11,11061151,11,B0D8VLK4ZW,Aprilskin
2026-10-11,11061151,13,B08VPRWN7B,TONYMOLY
2026-10-11,11061151,20,B0DK1DFDT6,Sungboon Editor
2026-10-11,11061151,32,B0DWSC18DY,Aprilskin
2026-10-11,11061151,58,B0FT31ZNRG,Banila Co
2026-10-11,11061151,71,B0FGYYH9X4,TONYMOLY
2026-10-11,11061151,82,B0DWSPY87S,Aprilskin
2026-10-11,11061151,93,B0FGYF6SJT,TONYMOLY
2026-10-11,11061151,96,B09BC1MBZ6,Neogen
2026-10-11,11061161,7,B075GWQMP6,TONYMOLY
2026-10-11,11061161,62,B0CSL2X3G2,The Face Shop
2026-10-11,11061161,69,B01H6EHVK4,SKINFOOD
2026-10-11,11061161,99,B0F2L2DQ7K,Purito
2026-10-11,11061301,1,B0DWFLY18Y,Anua
2026-10-11,11061301,3,B0DGPSZVW3,medicube
2026-10-11,11061301,4,B0FVT77ZLL,Anua
2026-10-11,11061301,5,B077RTL1HJ,Illiyoon
2026-10-11,11061301,7,B0DFY92NDB,Centellian24
2026-10-11,11061301,8,B0FKGJYFC8,Dr.Althea
2026-10-11,11061301,9,B0D2Z3GGCY,medicube
2026-10-11,11061301,11,B0GVQ6NYR3,medicube
2026-10-11,11061301,14,B0GKFD9ZQW,Anua
2026-10-11,11061301,17,B0BFQ9RD5B,d'Alba
2026-10-11,11061301,19,B0FQBL8S3K,eqqualberry
2026-10-11,11061301,20,B0BPXT3GBN,medicube
2026-10-11,11061301,21,B0GF86QJK7,BIODANCE
2026-10-11,11061301,23,B09YDCCJBJ,Aestura
2026-10-11,11061301,26,B0FS7QVSVC,Centellian24
2026-10-11,11061301,27,B0D4Y6MNTF,Purito
2026-10-11,11061301,28,B002BADJVE,MISSHA
2026-10-11,11061301,33,B01LEJ5MSK,COSRX
2026-10-11,11061301,34,B0DHKSF81K,celimax
2026-10-11,11061301,38,B0FYN9CJKC,medicube
2026-10-11,11061301,41,B0BTPGPK7H,SKIN1004
2026-10-11,11061301,50,B0FMWPNKJR,Dr.Althea
2026-10-11,11061301,54,B0GS97T2MV,celimax
2026-10-11,11061301,57,B0GPPRTD32,Dr.Althea
2026-10-11,11061301,66,B08WJQ3XJD,Beauty of Joseon
2026-10-11,11061301,77,B0DJ8FQDYL,Centellian24
2026-10-11,11061301,84,B0CNJ1Z2GL,Laneige
2026-10-11,11061301,95,B0DKNP4TL6,medicube
2026-10-11,11061301,98,B0CNJ7FXH4,Laneige
2026-10-11,11061301,100,B0CC2HZ8WL,d'Alba
2026-10-11,11061931,1,B09V7Z4TJG,medicube
2026-10-11,11061931,3,B0D54F8XYK,Anua
2026-10-11,11061931,5,B0CG1H8YRS,TIRTIR
2026-10-11,11061931,6,B0DY7GDRV7,medicube
2026-10-11,11061931,7,B0G24NKB1B,Sungboon Editor
2026-10-11,11061931,8,B0BHVBVRYY,Mediheal
2026-10-11,11061931,13,B0D95M72BF,Haruharu Wonder
2026-10-11,11061931,15,B0FPGGKFCH,Illiyoon
2026-10-11,11061931,18,B0FD3HXCWZ,medicube
2026-10-11,11061931,19,B08JLMRTZS,Anua
2026-10-11,11061931,21,B0DDXV5KV4,BIODANCE
2026-10-11,11061931,22,B085VS2J3T,medicube
2026-10-11,11061931,23,B08FM5BTF6,Round Lab
2026-10-11,11061931,24,B0971YC8W1,Haruharu Wonder
2026-10-11,11061931,28,B07BYJF7L7,Some By Mi
2026-10-11,11061931,29,B0B1JPZYMN,SKIN1004
2026-10-11,11061931,31,B0FVFS937N,Innisfree
2026-10-11,11061931,33,B0F4RF551P,numbuzin
2026-10-11,11061931,34,B0GL23FXCZ,I'm From
2026-10-11,11061931,36,B09P54X2NS,Laneige
2026-10-11,11061931,37,B0FFHG6X51,d'Alba
2026-10-11,11061931,38,B00OZEJ8R8,COSRX
2026-10-11,11061931,42,B06ZZK3YJY,Pyunkang Yul
2026-10-11,11061931,47,B08RLZ28QK,Beauty of Joseon
2026-10-11,11061931,51,B073P6BPF5,COSRX
2026-10-11,11061931,52,B0915CMY57,numbuzin
2026-10-11,11061931,55,B0FN3VX6NP,medicube
2026-10-11,11061931,56,B0C61CJ66L,numbuzin
2026-10-11,11061931,57,B0CMC6S4BM,eqqualberry
2026-10-11,11061931,62,B0FPKX9FY4,medicube
2026-10-11,11061931,67,B0GF2623VD,Dr.Melaxin
2026-10-11,11061931,69,B08TBG2T2C,Torriden
2026-10-11,11061931,70,B08CZGS5M2,SKINFOOD
2026-10-11,11061931,71,B085T6JWF6,Some By Mi
2026-10-11,11061931,72,B0DJDC71XL,Beauty of Joseon
2026-10-11,11061931,75,B07THCMGFP,Haruharu Wonder
2026-10-11,11061931,76,B0DR25CL71,medicube
2026-10-11,11061931,78,B0DMXH4XVB,Innisfree
2026-10-11,11061931,80,B01CVXU3CI,Abib
2026-10-11,11061931,82,B0H627CCBF,Centellian24
2026-10-11,11061931,85,B0BQTHDZY1,numbuzin
2026-10-11,11061931,88,B07FP453RC,I'm From
2026-10-11,11061931,89,B0CDKVXBCG,Anua
2026-10-11,11061931,90,B07B65NJLV,Klairs
2026-10-11,11061931,91,B07B32PL1C,TONYMOLY
2026-10-11,11061931,92,B0FQB6BLHQ,eqqualberry
2026-10-11,11061931,93,B0GGL3M7GK,I'm From
2026-10-11,11061931,97,B0GMJQ8QRC,COSRX
2026-10-11,11061931,99,B0921NXR2V,Etude
2026-10-11,11061941,1,B0GHMZXX8Y,medicube
2026-10-11,11061941,2,B0GD6R7CFJ,BIODANCE
2026-10-11,11061941,3,B0G38FGSKL,medicube
2026-10-11,11061941,5,B0DWMSM6Y9,medicube
2026-10-11,11061941,6,B0B45LL4DD,Beauty of Joseon
2026-10-11,11061941,7,B01CVXSPBO,Abib
2026-10-11,11061941,8,B0CNCL35CH,Dr.Melaxin
2026-10-11,11061941,9,B0G48T5CM2,Centellian24
2026-10-11,11061941,12,B0GXJSNT3K,Anua
2026-10-11,11061941,14,B0DDC3QGJL,KAHI
2026-10-11,11061941,16,B09SZ5JX2Y,d'Alba
2026-10-11,11061941,17,B0DLKCCPYZ,COSRX
2026-10-11,11061941,19,B0CNBYGNNL,Dr.Melaxin
2026-10-11,11061941,24,B0H2HYV1VJ,Beauty of Joseon
2026-10-11,11061941,35,B0D4Q8SR9Z,Mediheal
2026-10-11,11061941,36,B0CYKRBVWC,Dr.Melaxin
2026-10-11,11061941,38,B0H2CL87TC,BIODANCE
2026-10-11,11061941,41,B0D9GFY6ZM,Anua
2026-10-11,11061941,48,B0FQG4FQ22,VT
2026-10-11,11061941,49,B0C88XF2ZW,Dr.Melaxin
2026-10-11,11061941,61,B0F4R939KD,numbuzin
2026-10-11,11061941,66,B0BLCZH72Z,Innisfree
2026-10-11,11061941,72,B0GR1491KV,numbuzin
2026-10-11,11061941,76,B07ZRF416W,COSRX
2026-10-11,11061941,83,B0CWPCX1D2,AXIS-Y
2026-10-11,11061941,91,B0H9QHH69V,Sungboon Editor
2026-10-11,11061941,99,B09ZB7GDJL,Haruharu Wonder
2026-10-11,11061941,100,B0F28NKKW7,VT
2026-10-11,11061971,1,B0GD6R7CFJ,BIODANCE
2026-10-11,11061971,2,B0G38FGSKL,medicube
2026-10-11,11061971,3,B01CVXSPBO,Abib
2026-10-11,11061971,5,B0GXJSNT3K,Anua
2026-10-11,11061971,7,B0DLKCCPYZ,COSRX
2026-10-11,11061971,9,B0H2HYV1VJ,Beauty of Joseon
2026-10-11,11061971,16,B0D4Q8SR9Z,Mediheal
2026-10-11,11061971,30,B0H9QHH69V,Sungboon Editor
2026-10-11,11061971,43,B0G92CK3J8,Goodal
2026-10-11,11061971,57,B0D6NZGP2R,Laneige
2026-10-11,11061971,62,B0GQZ8VDNW,VT
2026-10-11,11061971,65,B07KGMWBHM,Mizon
2026-10-11,11061971,66,B0H4YXXSKD,Dr.Melaxin
2026-10-11,11062031,1,B0B2RM68G2,BIODANCE
2026-10-11,11062031,3,B0DGTMR754,medicube
2026-10-11,11062031,4,B0DBF65JYY,medicube
2026-10-11,11062031,5,B0DG1DQ2S7,Anua
2026-10-11,11062031,6,B0BRMYHMS5,medicube
2026-10-11,11062031,7,B0DK4Y2YP3,celimax
2026-10-11,11062031,8,B0GCC2JV65,medicube
2026-10-11,11062031,10,B0D16L5F2M,medicube
2026-10-11,11062031,11,B0FGQ3J31K,eqqualberry
2026-10-11,11062031,13,B0DG4WXBCF,Meditherapy
2026-10-11,11062031,14,B00PBX3L7K,COSRX
2026-10-11,11062031,15,B0CLLV2T1P,Anua
2026-10-11,11062031,18,B0D8W1YVBX,eqqualberry
2026-10-11,11062031,19,B0CCJ3SRB9,COSRX
2026-10-11,11062031,22,B06Y15D1LH,SKIN1004
2026-10-11,11062031,27,B07WZ2YTDP,Torriden
2026-10-11,11062031,29,B0D8W2W8C2,eqqualberry
2026-10-11,11062031,33,B0DLB58CWR,Anua
2026-10-11,11062031,34,B0DJPB7H94,Dr.Melaxin
2026-10-11,11062031,35,B0D1G7XF9X,medicube
2026-10-11,11062031,40,B0GS1DYZHG,Sungboon Editor
2026-10-11,11062031,41,B0C2TQ24VY,VT
2026-10-11,11062031,42,B0DLKGLBPG,numbuzin
2026-10-11,11062031,45,B0DWX8N3ML,Mediheal
2026-10-11,11062031,46,B0FWK57DL4,COSRX
2026-10-11,11062031,49,B0CRDQPLCM,Sungboon Editor
2026-10-11,11062031,53,B08BZCY3Y1,Rejuran
2026-10-11,11062031,54,B07NNVZNQR,iUNIK
2026-10-11,11062031,55,B0CJFFR574,Sungboon Editor
2026-10-11,11062031,56,B0FT7TKN36,medicube
2026-10-11,11062031,57,B0DFH3MPWL,COSRX
2026-10-11,11062031,61,B0H3KJ25GN,medicube
2026-10-11,11062031,62,B0GV2J43Q9,SKIN1004
2026-10-11,11062031,63,B0G11L8F7C,medicube
2026-10-11,11062031,66,B09DLFCB69,Beauty of Joseon
2026-10-11,11062031,71,B0C8Y1TSKZ,SKIN1004
2026-10-11,11062031,75,B0FR4QYNK5,medicube
2026-10-11,11062031,76,B0FKSM8L9H,BIODANCE
2026-10-11,11062031,79,B0FG7VLJKG,medicube
2026-10-11,11062031,81,B0H3QQ1SDP,TONYMOLY
2026-10-11,11062031,82,B0D54G6811,Anua
2026-10-11,11062031,86,B0FPFDSC7X,medicube
2026-10-11,11062031,91,B0FG38CL5H,d'Alba
2026-10-11,11062031,92,B0F8LBX37X,Beauty of Joseon
2026-10-11,11062031,94,B085VWWJJT,medicube
2026-10-11,11062031,98,B0FKTKF8RB,medicube
2026-10-11,11062241,52,B09K3JSYVJ,ohora
2026-10-11,11062241,54,B0GY2QGLDK,ohora
2026-10-11,11062261,51,B0BT4SVTJQ,Haruharu Wonder
2026-10-11,11062261,54,B00QREE3FG,TONYMOLY
2026-10-11,11062261,80,B0DJHG36D2,TONYMOLY
2026-10-11,11062291,2,B0G12HL5RP,ohora
2026-10-11,11062331,1,B0G12HL5RP,ohora
2026-10-11,11062581,1,B0FSJQ3KJT,Anua
2026-10-11,11062581,2,B0F384Y1KR,Anua
2026-10-11,11062581,3,B0G4W2FT6S,Dr.Althea
2026-10-11,11062581,6,B09S6JKB52,SKIN1004
2026-10-11,11062581,7,B0GYNK6PBB,medicube
2026-10-11,11062581,8,B08QM7NFWS,COSRX
2026-10-11,11062581,10,B0H5C6MGS6,Dr.Althea
2026-10-11,11062581,12,B0CTKSB91T,Laneige
2026-10-11,11062581,16,B0GYN8S7GN,medicube
2026-10-11,11062581,22,B0H711RS9P,COSRX
2026-10-11,11062581,23,B0F9NYPS7T,Torriden
2026-10-11,11062581,26,B0H79D8C5K,eqqualberry
2026-10-11,11062581,27,B0H7GFV782,eqqualberry
2026-10-11,11062581,28,B0GYZSVZSZ,Laneige
2026-10-11,11062581,34,B0DSTW6T1C,Round Lab
2026-10-11,11062581,35,B0GS7N4CQZ,medicube
2026-10-11,11062581,40,B09KRSGVVM,Pyunkang Yul
2026-10-11,11062581,45,B0H418M94R,Sungboon Editor
2026-10-11,11062581,51,B0FYN7Y7CJ,SKINFOOD
2026-10-11,11062581,53,B0FMRYJCRF,Abib
2026-10-11,11062581,56,B0F333BT43,Bioheal Boh
2026-10-11,11062581,62,B0HJZB6WQR,medicube
2026-10-11,11062581,73,B0FRMLG7YW,d'Alba
2026-10-11,11062581,75,B0H1H1P7YS,Sungboon Editor
2026-10-11,11062581,77,B0GS1NN68W,SKIN1004
2026-10-11,11062581,86,B0H1H4F94B,SKIN1004
2026-10-11,11062581,91,B0HJZDRXJP,medicube
2026-10-11,11062581,94,B0H5PXG5BQ,Illiyoon
2026-10-11,11062581,97,B0GTQK9G6F,Illiyoon
2026-10-11,11062581,100,B0H1HKCDRZ,Sungboon Editor
2026-10-11,11062591,2,B0FXH5LHN8,SKIN1004
2026-10-11,11062591,5,B0DKJ3BX2F,d'Alba
2026-10-11,11062591,7,B0FPQGLYK9,medicube
2026-10-11,11062591,9,B0DWSL3ZBQ,Anua
2026-10-11,11062591,10,B0C45CK57M,Abib
2026-10-11,11062591,15,B0H7WYBCQJ,Beauty of Joseon
2026-10-11,11062591,17,B0DJGWH3TC,Round Lab
2026-10-11,11062591,27,B0GR23K9GY,Innisfree
2026-10-11,11062591,35,B09ZY7468X,COSRX
2026-10-11,11062591,47,B0GPPMKQWG,Tocobo
2026-10-11,11062591,78,B0DSHX7242,Mixsoon
2026-10-11,11062591,97,B0GWFQZTQD,Innisfree
2026-10-11,11062601,13,B00DTFJA54,Nature Republic
2026-10-11,11062601,27,B00K3KYTLI,Holika Holika
2026-10-11,11062601,28,B07KF53X62,Aromatica
2026-10-11,11062601,62,B075XKGWYG,Benton
2026-10-11,11062601,70,B011S44TWQ,the SAEM
2026-10-11,11062651,2,B0FXH5LHN8,SKIN1004
2026-10-11,11062651,5,B0DKJ3BX2F,d'Alba
2026-10-11,11062651,7,B0FPQGLYK9,medicube
2026-10-11,11062651,9,B0DWSL3ZBQ,Anua
2026-10-11,11062651,10,B0C45CK57M,Abib
2026-10-11,11062651,14,B0H7WYBCQJ,Beauty of Joseon
2026-10-11,11062651,16,B0DJGWH3TC,Round Lab
2026-10-11,11062651,25,B0GR23K9GY,Innisfree
2026-10-11,11062651,33,B09ZY7468X,COSRX
2026-10-11,11062651,42,B0GPPMKQWG,Tocobo
2026-10-11,11062651,63,B0DSHX7242,Mixsoon
2026-10-11,11062651,76,B0GWFQZTQD,Innisfree
2026-10-11,11062651,80,B0DK4MXPMD,Round Lab
2026-10-11,11062651,99,B0C7B55GS3,Isntree
2026-10-11,11062691,33,B0F12D5P2L,Some By Mi
2026-10-11,11062691,82,B0HB3WWGBS,Haruharu Wonder
2026-10-11,11062741,94,B0GS8YKMN3,medicube
2026-10-11,13106071,2,B0D9VVQSW9,ohora
2026-10-11,13106071,19,B0FK4YLSLK,ohora
2026-10-11,13106071,30,B084FWPQYG,ohora
2026-10-11,13106071,32,B09Z9X5BZ3,ohora
2026-10-11,13106071,49,B0BKRKMZ22,ohora
2026-10-11,13106071,62,B08WLF8TKL,ohora
2026-10-11,14024031,38,B07NFYWWB6,Illiyoon
2026-10-11,14024031,82,B01CLTKI4A,COSRX
2026-10-11,166860011,5,B0BBL83HCS,Atopalm
2026-10-11,166860011,64,B0CZF1MW1M,Make P:rem
2026-10-11,382803011,1,B081JHTPKP,Mise en scène
2026-10-11,382803011,42,B0F9WV89PZ,COSRX
2026-10-11,382803011,45,B0GLF7R1HZ,Mise en scène
2026-10-11,382803011,75,B09D7R5C2X,d'Alba
2026-10-11,382803011,87,B0BLT75YWX,Unove
2026-10-11,382803011,92,B09XDBPJL1,Elizavecca
2026-10-11,388109011,6,B00BR3VPLC,Touch in Sol
2026-10-11,388109011,30,B0CWL33ZMV,Etude
2026-10-11,388109011,31,B002C5IUWQ,MISSHA
2026-10-11,388109011,45,B07NQBWRMR,MISSHA
2026-10-11,388109011,50,B0GPX4WJD8,TIRTIR
2026-10-11,388109011,64,B0GRMV4PZ6,TIRTIR
2026-10-11,388109011,71,B07QQJR5V7,Jung Saem Mool
2026-10-11,388109011,78,B0GWD219HK,Meditherapy
2026-10-11,388109011,80,B0H1JZFPYF,MISSHA
2026-10-11,388109011,91,B0DJVNWYXQ,HERA
2026-10-11,390141011,8,B0CVQ74Z3V,Koelf
2026-10-11,979546011,1,B07XXPHQZK,Laneige
2026-10-11,979546011,2,B07DY2QRF6,Laneige
2026-10-11,979546011,26,B0FWCF61VF,Anua
2026-10-11,979546011,42,B0CKV7JNFX,Nature Republic
2026-10-11,979546011,70,B0GKNKLZ7K,Haruharu Wonder
2026-10-11,979546011,93,B0DTYWQ359,medicube
2026-10-11,979548011,56,B098D8QZK1,COSRX
2026-10-11,979548011,83,B0BMKLQFQS,Mediheal
2026-10-11,2265896011,6,B0GJRPQKCB,CLIO
2026-10-11,2265896011,35,B0C3Q9PBVV,Too Cool For School
2026-10-11,2265896011,99,B0BZPM4GFL,Colorgram
2026-10-11,17242866011,18,B0G12HL5RP,ohora
2026-10-11,17242866011,46,B0D9VVQSW9,ohora
2026-10-11,23561814011,1,B0GGQMYLXM,VT
2026-10-11,23561814011,4,B0CGS2D8J8,Dr.Groot
2026-10-11,23561814011,5,B01MU9AUX7,Aromatica
2026-10-11,23561814011,9,B0FY6CC156,medicube
2026-10-11,23561814011,25,B0FY722KL2,Dr.Groot
2026-10-11,23561814011,30,B0GYRQ4PQB,Aromatica
2026-10-11,23561814011,39,B079QBN8B9,A'PIEU
2026-10-11,23561814011,47,B07KF626LC,Aromatica
2026-10-11,23561814011,56,B0F9WR8743,COSRX
2026-10-11,23561814011,58,B0CQ3VYN4S,Dr.Groot
2026-10-11,23561814011,70,B08QBDL7NT,Some By Mi
2026-10-11,23561814011,97,B0GHQ6WNZ7,Dr.Forhair
2026-10-11,10664362011,8,B0H8FC5TZ6,medicube
2026-10-11,17911764011,31,B01I2ZQJSG,Elizavecca
2026-10-11,11158680011,9,B0GW8N6XR2,medicube
2026-10-11,11158680011,10,B0G1YJCVL3,Mise en scène
2026-10-11,11158680011,11,B0GN2BK41M,medicube
2026-10-11,11158680011,18,B0FG82616Q,COSRX
2026-10-11,11158680011,54,B09T2N5QK5,Aromatica
2026-10-11,11158680011,86,B0H5QDF4D6,Mise en scène
2026-10-11,11158680011,96,B0H5QCXN72,Mise en scène
2026-10-11,10898755011,11,B0CGSLVL8T,Dr.Groot
2026-10-11,10898755011,17,B0DK263J67,Dr.Groot
2026-10-11,10898755011,41,B0FY6DB6MR,medicube
2026-10-11,10898755011,42,B0DLCQZ85Y,Dr.Groot
2026-10-11,10898755011,50,B0DK22L979,Dr.Groot
2026-10-11,10898755011,58,B09QKR5RPT,Elizavecca
2026-10-11,10898755011,85,B0F6GTGQ4X,Dr.Groot
2026-10-11,10898755011,86,B0GJ4Z3C3L,Dr.Forhair
2026-10-11,10898755011,90,B0D5GKBNY3,Ryo
2026-10-11,10898755011,96,B0FY6FKGZM,medicube
2026-10-11,10666439011,32,B09QKR5RPT,Elizavecca
2026-10-11,10666439011,34,B0H71K75Q9,medicube
2026-10-11,10666439011,68,B09TG5YPXP,Unove
2026-10-11,10666437011,4,B01I2ZQJSG,Elizavecca
2026-10-11,10666437011,5,B0FLHK35YR,Mise en scène
2026-10-11,10666437011,42,B0GDZJ65PG,medicube
2026-10-11,10666437011,44,B09TG5ZD42,Unove
2026-10-11,10666437011,79,B01NAQ3N7Q,Elizavecca
2026-10-11,10666437011,81,B0BN47XH5B,Mise en scène
2026-10-11,16236250011,81,B079V262GN,Dashu
2026-10-11,13861652011,5,B0GS8YKMN3,medicube
2026-10-11,13861652011,11,B0FFF3757L,medicube
2026-10-11,13861652011,47,B0GCY2WFDV,medicube
2026-10-11,13861652011,97,B0GG8Q31R3,Dr.Melaxin
2026-10-11,18065339011,2,B0FLPNFD5L,Illiyoon
2026-10-11,18065339011,5,B0CZXG68J4,CNP
2026-10-11,18065339011,17,B07CP3B241,Nooni
2026-10-11,18065339011,23,B0CYV2LXW3,belif
2026-10-11,18065339011,31,B09PMX9L3Z,Sioris
2026-10-11,18065339011,41,B0DZM3VXYL,SKINFOOD
2026-10-11,18065339011,53,B0D1VX32YY,The Face Shop
2026-10-11,18065339011,70,B0DNJ844CH,CNP
2026-10-11,18065339011,92,B0CZ2XY4QD,Nooni
2026-10-11,18065339011,94,B0F8BCN2GY,CNP
2026-10-11,21212387011,2,B0BWX6NZLT,Nooni
2026-10-11,21212387011,9,B0GWPJFTBN,LAKA
2026-10-11,21212387011,12,B0D84WSNQK,Laneige
2026-10-11,21212387011,14,B0FJRM59D7,fwee
2026-10-11,21212387011,15,B0CVL46L26,VT
2026-10-11,21212387011,17,B0DQKBT8WS,Nature Republic
2026-10-11,21212387011,24,B0FJM1CZTH,VT
2026-10-11,21212387011,26,B0HCBVVH7J,LAKA
2026-10-11,21212387011,27,B0GP9QKCZT,Laneige
2026-10-11,21212387011,34,B0GHY48KWC,rom&nd
2026-10-11,21212387011,35,B0F7X6VKH2,Dr.Different
2026-10-11,21212387011,52,B0HCBXPYC3,LAKA
2026-10-11,21212387011,79,B089PBP5YY,Holika Holika
2026-10-11,21212387011,92,B0CZPCBD3P,rom&nd
2026-10-11,13861699011,16,B09NNBKF15,SKIN1004
2026-10-11,13861699011,54,B0GVSMSWP8,Aprilskin
2026-10-11,13861699011,69,B07L3B16Z7,Pyunkang Yul
2026-10-11,13861697011,5,B0FGXR8D12,medicube
2026-10-11,23623513011,87,B09D7R5C2X,d'Alba
2026-10-11,10666020011,64,B0D97HK15R,Amos Professional
2026-10-11,10666020011,84,B0DG2Q1BJJ,Lador
2026-10-11,10666020011,87,B0BY7D6ZPZ,Dashu
2026-10-11,10664402011,72,B01L3EU5YC,Dashu
2026-10-11,10664402011,91,B0G7B4K3KY,Unove
2026-10-11,23623512011,23,B0D941WQG8,Amos Professional
2026-10-11,23623511011,34,B09NXV5S89,Dashu
2026-10-11,23623511011,72,B07RF4KDPC,Moremo
2026-10-11,23623511011,83,B0BXVDPBDW,Dashu
2026-10-11,23623511011,84,B0CGS2QXFJ,Dr.Groot
2026-10-11,10312668011,14,B08NWSB791,Cosnori
2026-10-11,10312668011,67,B0CCY7N72W,Cosnori
2026-10-11,16228107011,14,B004FKD3HI,SKINFOOD
2026-10-11,7792268011,1,B002BADJVE,MISSHA
2026-10-11,7792268011,5,B0DZ24JH29,MISSHA
2026-10-11,7792268011,6,B0GZLNF7HC,Dr.Jart+
2026-10-11,7792268011,10,B0FQBXS11F,Cell Fusion C
2026-10-11,7792268011,11,B0GZN98RN7,Dear Dahlia
2026-10-11,7792268011,15,B08JCK7LSN,Purito
2026-10-11,7792268011,22,B0D9NLV5B6,MISSHA
2026-10-11,7792268011,33,B0GYDG4H4S,Mizon
2026-10-11,7792268011,45,B0H1TRS1Q3,Cosnori
2026-10-11,7792268011,49,B004R5E12M,Skin79
2026-10-11,7792268011,66,B004R6HIR6,Skin79
2026-10-11,7792268011,82,B01M5ISR5E,Skin79
2026-10-11,7792268011,83,B0HDD3BDHH,Dear Dahlia
2026-10-11,7792268011,93,B0HDD1ZF1R,Dear Dahlia
2026-10-11,7792269011,8,B0F7J295X1,Dr.Jart+
2026-10-11,7792270011,3,B0FMXVSBWQ,Hanskin
2026-10-11,7792270011,5,B0FKT2BPWZ,Hanskin
2026-10-11,7792270011,8,B0FKSP923D,Hanskin
2026-10-11,21190479011,27,B0CN6J9GCL,Etude
2026-10-11,21190479011,54,B097NQJSZP,Too Cool For School
2026-10-11,219523566011,2,B0DZMMBF3J,TIRTIR
2026-10-11,219523566011,16,B0GTZDDKRB,Jung Saem Mool
2026-10-11,7792271011,27,B0H82GKMG4,Espoir
2026-10-11,7792271011,33,B0GJRM4VMB,Banila Co
2026-10-11,7792276011,17,B0GX5TY4VN,Mixsoon
2026-10-11,7792276011,22,B0GY8JN7BR,Jung Saem Mool
2026-10-11,7792276011,25,B0HC1RHDF8,TIRTIR
2026-10-11,7792276011,44,B076VX66DL,Cosnori
2026-10-11,7792276011,49,B0H9QLR5JS,Espoir
2026-10-11,7792276011,55,B0DP5ZMGMW,Beauty of Joseon
2026-10-11,7792276011,91,B0CCRF2DYV,TIRTIR
2026-10-11,7792276011,94,B0B4S8J5DL,Cosnori
2026-10-11,21190478011,11,B09BJCD4QR,hince
2026-10-11,21190478011,25,B09LY4VDZX,Colorgram
2026-10-11,21190478011,93,B0F23LBGQ9,CLIO
2026-10-11,23504929011,1,B08BZ254B7,Make P:rem
2026-10-11,23504929011,3,B09Y5GSG45,Isntree
2026-10-11,23504929011,4,B0G2Y1NMYH,Jumiso
2026-10-11,23504929011,7,B0G1SVKR73,ma:nyo
2026-10-11,23504929011,13,B095XGL1NM,Sioris
2026-10-11,23504929011,21,B0GGH3WN3M,Banila Co
2026-10-11,23504929011,38,B00IWUXGUQ,SKINFOOD
2026-10-11,23504929011,43,B0H1BVL95T,Make P:rem
2026-10-11,23504929011,51,B0BTH8H387,Sioris
2026-10-11,23504929011,62,B0DKFD3F85,Dr.Melaxin
2026-10-11,23504929011,66,B0BRXGG1X8,Mizon
2026-10-11,23504928011,1,B0BN2PX8V3,Anua
2026-10-11,23504928011,2,B07T5BN3P2,SKIN1004
2026-10-11,23504928011,3,B09N919SS5,Beauty of Joseon
2026-10-11,23504928011,4,B01N5K834V,ma:nyo
2026-10-11,23504928011,5,B0FP176X2H,medicube
2026-10-11,23504928011,6,B0D1Q43KQZ,Beauty of Joseon
2026-10-11,23504928011,7,B08W1ZHTL3,Haruharu Wonder
2026-10-11,23504928011,8,B0D9TX8G86,SKIN1004
2026-10-11,23504928011,10,B00A7I27QA,Sulwhasoo
2026-10-11,23504928011,11,B0943CP9KT,Round Lab
2026-10-11,23504928011,13,B0GF8DLCRW,medicube
2026-10-11,23504928011,15,B0DRBTCZ9B,Beplain
2026-10-11,23504928011,16,B00809ERAM,The Face Shop
2026-10-11,23504928011,18,B0GFCNZM2N,medicube
2026-10-11,23504928011,19,B07GYM1DPM,Hanskin
2026-10-11,23504928011,20,B0BXL4P558,Mixsoon
2026-10-11,23504928011,21,B0H9W6PS3T,medicube
2026-10-11,23504928011,22,B0CH9LHYML,Ariul
2026-10-11,23504928011,24,B0H9VXPDV8,medicube
2026-10-11,23504928011,27,B07NNZSG2K,iUNIK
2026-10-11,23504928011,28,B0F1TRK8S1,BIODANCE
2026-10-11,23504928011,29,B0GVMQN2NF,d'Alba
2026-10-11,23504928011,30,B0DG8NJ2SG,numbuzin
2026-10-11,23504928011,31,B0BLHDJZNV,Purito
2026-10-11,23504928011,32,B0HBVCT9L8,Dr.Althea
2026-10-11,23504928011,34,B07MX8VZZN,celimax
2026-10-11,23504928011,35,B0FHZJJB81,Etude
2026-10-11,23504928011,37,B07PT37RW1,Hanskin
2026-10-11,23504928011,39,B0DZDD8VP5,Laneige
2026-10-11,23504928011,42,B0GFC55RJY,medicube
2026-10-11,23504928011,46,B0C7P9WCHC,Primera
2026-10-11,23504928011,47,B0GJDQZ9JX,d'Alba
2026-10-11,23504928011,53,B0GY4TTWCX,Dr.Melaxin
2026-10-11,23504928011,58,B0F1SMM39H,Torriden
2026-10-11,23504928011,60,B09LCWM6X7,numbuzin
2026-10-11,23504928011,61,B0H9W3QT7H,medicube
2026-10-11,23504928011,62,B0G1T6Y1NM,Centellian24
2026-10-11,23504928011,64,B0D6W2Y1C3,Nooni
2026-10-11,23504928011,65,B0GK6B71RS,medicube
2026-10-11,23504928011,70,B0G4CJVRL5,Dr.Althea
2026-10-11,23504928011,71,B0FKMR6P5F,Lagom
2026-10-11,23504928011,77,B07FMMQZ4D,Dr.Ceuracle
2026-10-11,23504928011,80,B08JYTDZLP,Neogen
2026-10-11,23504928011,88,B091XYQFGN,COSRX
2026-10-11,23504928011,90,B0FLDR61R4,Benton
2026-10-11,23504928011,95,B0DP731L3H,eqqualberry
2026-10-11,23504928011,96,B0GF8BZC49,medicube
2026-10-11,23504928011,98,B0CDNJQGHP,Cosnori
2026-10-11,23504928011,99,B0H6PLMFNJ,ma:nyo
2026-10-11,23504934011,22,B0C44X5JML,COSRX
2026-10-11,23504934011,26,B0DSZLNPF8,Illiyoon
2026-10-11,23504934011,38,B0FHZJJB81,Etude
2026-10-11,23504934011,42,B0F6T84BZF,Mixsoon
2026-10-11,23504934011,48,B0CYY8L8D9,Anua
2026-10-11,23504934011,54,B0CX1GCWVX,Rejuran
2026-10-11,23504934011,58,B0G1LH1H2S,The Face Shop
2026-10-11,23504934011,63,B07V28NCD3,Banila Co
2026-10-11,23504934011,64,B0DFVZPBK6,Pyunkang Yul
2026-10-11,23504934011,78,B0G1LD6VKL,The Face Shop
2026-10-11,23504934011,94,B0H4TTFYWP,AXIS-Y
2026-10-11,23504934011,98,B08QV3JQ8H,Pyunkang Yul
2026-10-11,23504933011,2,B0CLGGP723,Dr.Althea
2026-10-11,23504933011,5,B0DCYJY651,Purito
2026-10-11,23504933011,11,B0BHWHM7H7,Unleashia
2026-10-11,23504933011,40,B0F23T27KQ,Banila Co
2026-10-11,23504933011,69,B093KD4V35,Round Lab
2026-10-11,23504931011,1,B0GFCM7SYH,Banila Co
2026-10-11,23504931011,5,B0CTK1TYNG,Dr.Althea
2026-10-11,23504931011,11,B099RN4FCW,Pyunkang Yul
2026-10-11,23504931011,12,B0BG21WM6R,Aprilskin
2026-10-11,23504931011,15,B0BBFPX2HD,Heimish
2026-10-11,23504931011,18,B0GMVMJ9PR,Rejuran
2026-10-11,23504931011,21,B0F2HD785Y,The Face Shop
2026-10-11,23504931011,23,B0CWNH9SMY,TIRTIR
2026-10-11,23504931011,26,B0FKS3YR6T,VT
2026-10-11,23504931011,27,B0DR89BK39,Beplain
2026-10-11,23504931011,56,B0GFY35CZL,I'm From
2026-10-11,23504931011,92,B0G4LV1GP3,belif
2026-10-11,23504930011,4,B07KG2XX67,The Face Shop
2026-10-11,23504930011,34,B0DDNZYPVB,Ariul
2026-10-11,23504930011,37,B0118YU9G6,SKINFOOD
2026-10-11,23504930011,67,B0DDPJW7LK,Ariul
2026-10-11,23504930011,72,B0H1B4Q8GV,Ariul
2026-10-11,23504930011,95,B0CZ94G8LB,celimax
2026-10-11,23504932011,2,B0B884JBNQ,SKIN1004
2026-10-11,23504932011,10,B0B7XFYR23,SKIN1004
2026-10-11,23504932011,13,B09C1XCXVS,SKIN1004
2026-10-11,23504932011,30,B0BB7TZJPN,numbuzin
2026-10-11,23504932011,46,B072C4DKSR,Nooni
2026-10-11,23504932011,47,B0F2RXFNKX,Ariul
2026-10-11,23504932011,59,B0F1Y821G8,Beplain
2026-10-11,23504932011,72,B0FXLLFXH5,Nature Republic
2026-10-11,23504932011,85,B0HC1TTT19,TIRTIR
2026-10-11,23598834011,38,B082KGYSFC,ohora
2026-10-11,17269950011,59,B0CLDCF5CT,ohora
2026-10-11,17269950011,81,B0BKPD7DS7,ohora
2026-10-11,16228309011,15,B0D1XLXSSY,medicube
2026-10-11,7792636011,6,B0D1G6H86V,medicube
2026-10-11,7792636011,7,B0D663VWFC,COSRX
2026-10-11,7792636011,9,B0H1C2BCYM,medicube
2026-10-11,7792636011,14,B0GZ34MXJR,Anua
2026-10-11,7792636011,20,B0F8VK8K98,Mixsoon
2026-10-11,7792636011,21,B0GHSNKQDZ,SKIN1004
2026-10-11,7792636011,24,B0H1W18X89,medicube
2026-10-11,7792636011,27,B0HDCNV7CJ,celimax
2026-10-11,7792636011,41,B0DB6D3L9N,The Face Shop
2026-10-11,7792636011,43,B0HCZRJBQS,medicube
2026-10-11,7792636011,45,B0H6B1QQKL,Dr.Melaxin
2026-10-11,7792636011,46,B0FJRVSGQ2,BIODANCE
2026-10-11,7792636011,50,B0HHRPY9YH,BIODANCE
2026-10-11,7792636011,51,B0BXWXTKF7,Torriden
2026-10-11,7792636011,53,B0G6D4BXNQ,Meditherapy
2026-10-11,7792636011,54,B0GWM1HZXD,Anua
2026-10-11,7792636011,61,B0H3C4G387,medicube
2026-10-11,7792636011,66,B083Q4H5NB,Some By Mi
2026-10-11,7792636011,76,B0G4XSW2ND,Laneige
2026-10-11,7792636011,78,B0FPCXK2HK,medicube
2026-10-11,7792636011,79,B0DT468CJC,Pyunkang Yul
2026-10-11,7792636011,83,B0HHN1YLK7,Sungboon Editor
2026-10-11,7792636011,84,B0G8D6Q4RX,Haruharu Wonder
2026-10-11,7792636011,88,B0F47M3RDZ,Bring Green
2026-10-11,7792636011,90,B0H3C2QK23,medicube
2026-10-11,7792636011,93,B0H94HGG2S,Etude
2026-10-11,7792636011,96,B0DSZW144Q,medicube
2026-10-11,21604974011,5,B0CVQKYGXQ,Koelf
2026-10-11,21604974011,19,B0FDW19Y7P,Koelf
2026-10-11,21604974011,35,B0CC98F5ZF,Mediheal
2026-10-11,21604974011,49,B07ZSBW182,TONYMOLY
2026-10-11,7730087011,1,B0GHMZXX8Y,medicube
2026-10-11,7730087011,2,B0DDC3QGJL,KAHI
2026-10-11,7730087011,3,B09SZ5JX2Y,d'Alba
2026-10-11,7730087011,9,B0F28NKKW7,VT
2026-10-11,7730087011,11,B0GD16JZTH,Dr.Melaxin
2026-10-11,7730087011,14,B0GWX2QQ3Q,medicube
2026-10-11,7730087011,15,B0CRS69LTB,belif
2026-10-11,7730087011,18,B0F67B33PQ,Round Lab
2026-10-11,7730087011,24,B0F1S2N2XS,the SAEM
2026-10-11,7730087011,28,B0GTTFSX9T,Dr.Melaxin
2026-10-11,7730087011,35,B0GWWV5QCK,medicube
2026-10-11,7730087011,40,B0DZXBS9YV,belif
2026-10-11,7730087011,60,B0H6J3F4CY,medicube
2026-10-11,7730087011,75,B0H3976517,medicube
2026-10-11,7730087011,85,B0H393NCB9,medicube
2026-10-11,7730087011,89,B0C1GHV5VK,KAHI
2026-10-11,7730087011,96,B0CG82ZGCD,TONYMOLY
2026-10-11,7730098011,1,B0DWMSM6Y9,medicube
2026-10-11,7730098011,2,B0B45LL4DD,Beauty of Joseon
2026-10-11,7730098011,6,B0BLCZH72Z,Innisfree
2026-10-11,7730098011,8,B0CWPCX1D2,AXIS-Y
2026-10-11,7730098011,24,B0D4YPT6QW,Etude
2026-10-11,7730098011,40,B0G64C6NM4,Dr.Althea
2026-10-11,7730098011,44,B0DZXKWC5X,belif
2026-10-11,7730098011,46,B08VS5M4HZ,Benton
2026-10-11,7730098011,47,B0CYL7DF6J,Dr.Melaxin
2026-10-11,7730098011,57,B0G1TDS2R9,medicube
2026-10-11,7730098011,58,B0FJFSTCHP,Mixsoon
2026-10-11,7730098011,67,B0C369JC5H,Skin&Lab
2026-10-11,7730098011,69,B0GK4Y7J3N,Innisfree
2026-10-11,7730098011,87,B0G1TV7K2W,medicube
2026-10-11,7730092011,5,B0D8NB84XK,belif
2026-10-11,7730092011,12,B0FKBKWBTV,Abib
2026-10-11,7730092011,28,B07Y2VFG86,Mizon
2026-10-11,7730092011,56,B007XDVXVM,Skin&Lab
2026-10-11,7730092011,59,B0FHC96XMG,belif
2026-10-11,7730099011,3,B0CYKRBVWC,Dr.Melaxin
2026-10-11,7730099011,11,B0GKP83W7W,COSRX
2026-10-11,7730099011,14,B0D62M73LC,Mediheal
2026-10-11,7730099011,17,B0FWCDZD4H,Anua
2026-10-11,7730099011,19,B0B89PF9P6,TONYMOLY
2026-10-11,7730099011,20,B0H9LF3VRN,Mediheal
2026-10-11,7730099011,22,B0HF1WQF8R,medicube
2026-10-11,7730099011,25,B0G48SXDV7,Centellian24
2026-10-11,7730099011,26,B0GW87HS3P,Torriden
2026-10-11,7730099011,28,B0GW8CPSQQ,Torriden
2026-10-11,7730099011,30,B0GQZ8VDNW,VT
2026-10-11,7730099011,33,B0F6LV7P1Q,numbuzin
2026-10-11,7730099011,44,B0DJ99G786,SNP
2026-10-11,7730099011,52,B0DJGHS5QY,Isoi
2026-10-11,7730099011,63,B0FC33LQ69,TONYMOLY
2026-10-11,7730099011,79,B0H7WW82DF,medicube
2026-10-11,7730099011,89,B07Y2VBJM3,Mizon
2026-10-11,7730090011,1,B0G48T5CM2,Centellian24
2026-10-11,7730090011,2,B0CNBYGNNL,Dr.Melaxin
2026-10-11,7730090011,7,B0H2CL87TC,BIODANCE
2026-10-11,7730090011,8,B0D9GFY6ZM,Anua
2026-10-11,7730090011,12,B0FQG4FQ22,VT
2026-10-11,7730090011,13,B0C88XF2ZW,Dr.Melaxin
2026-10-11,7730090011,18,B0F4R939KD,numbuzin
2026-10-11,7730090011,24,B0GR1491KV,numbuzin
2026-10-11,7730090011,26,B07ZRF416W,COSRX
2026-10-11,7730090011,35,B09ZB7GDJL,Haruharu Wonder
2026-10-11,7730090011,67,B0G24S1PD9,Sungboon Editor
2026-10-11,7730090011,73,B0987DJDSG,Mary&May
2026-10-11,7730090011,74,B0GPVQDJBZ,d'Alba
2026-10-11,7730090011,77,B0CFL7LS43,SKIN1004
2026-10-11,7730090011,78,B0D3TG6MN3,Dr.Melaxin
2026-10-11,7730090011,80,B0GRZKY65N,Dr.Melaxin
2026-10-11,7730090011,81,B09KC44MGK,Etude
2026-10-11,7730090011,86,B08TWHXNCD,TIRTIR
2026-10-11,7730090011,89,B0CV4XS48P,SKIN1004
2026-10-11,23627242011,30,B0C348XQHX,Laneige
2026-10-11,17911766011,6,B07NBJCLSC,Illiyoon
2026-10-11,17911767011,1,B01I2ZQJSG,Elizavecca
2026-10-11,17911767011,5,B0BLT7NY2M,Unove
2026-10-11,17911767011,8,B0F9WQXBRB,COSRX
2026-10-11,17911767011,20,B09QLSBD9L,Elizavecca
2026-10-11,17911767011,25,B00T5FUV7S,Elizavecca
2026-10-11,17911767011,26,B0171KWVJO,Elizavecca
2026-10-11,17911767011,41,B0DG8Z2DF2,Elizavecca
2026-10-11,17911767011,81,B0BKFQX98C,Mise en scène
2026-10-11,17911767011,100,B0CXHTSMMG,Mise en scène
2026-10-11,16262041011,2,B0CGSLVL8T,Dr.Groot
2026-10-11,16262041011,8,B0FY6DB6MR,medicube
2026-10-11,16262041011,9,B0DLCQZ85Y,Dr.Groot
2026-10-11,16262041011,17,B0GJ4Z3C3L,Dr.Forhair
2026-10-11,16262041011,18,B0D5GKBNY3,Ryo
2026-10-11,16262041011,33,B0GMHLMFM8,Ryo
2026-10-11,16262041011,39,B0B7CSVZ48,Dr.Forhair
2026-10-11,16262041011,46,B0CZYS759R,Dr.Groot
2026-10-11,16262041011,73,B0D95T38BJ,Amos Professional
2026-10-11,16262041011,76,B08Q7B2V18,Some By Mi
2026-10-11,16262041011,77,B0H6HYDQTF,medicube
2026-10-11,16262042011,2,B0DK263J67,Dr.Groot
2026-10-11,16262042011,10,B0FY6FKGZM,medicube
2026-10-11,16262042011,11,B0D5GKJFJ3,Ryo
2026-10-11,16262042011,30,B0D95F2CKK,Aromatica
2026-10-11,16262042011,32,B0GHPVCL9C,Dr.Forhair
2026-10-11,16262044011,10,B0GMHP5TXD,Ryo
2026-10-11,16262044011,14,B0GJ4SP6TQ,Dr.Forhair
2026-10-11,16262044011,15,B07KCFRSJD,Dr.Forhair
2026-10-11,16262044011,25,B0H3K8KKQ1,Ryo
2026-10-11,16262044011,49,B0FJRR4WRJ,Sungboon Editor
2026-10-11,16262044011,78,B0DM2KBG38,Dr.Groot
2026-10-11,7792493011,44,B0FCF2CD1K,medicube
2026-10-11,13861662011,1,B0GS8YKMN3,medicube
2026-10-11,13861662011,7,B0GCY2WFDV,medicube
2026-10-11,13861662011,30,B0H7RLFKX6,medicube
2026-10-11,13861662011,33,B0CWK6YQ7V,medicube
2026-10-11,13861662011,49,B0DHKK1DN6,medicube
2026-10-11,13861662011,86,B0GTPZ5QW5,medicube
2026-10-11,13861662011,90,B0H7RDWPN8,medicube
2026-10-11,13861662011,94,B0H7RRXBPS,medicube
2026-10-11,18065340011,2,B0FFF3757L,medicube
2026-10-11,18065340011,48,B0CZ8THK76,Aprilskin
2026-10-11,21481429011,6,B0GG8Q31R3,Dr.Melaxin
2026-10-11,21481429011,35,B0DK88TJST,Sungboon Editor
2026-10-11,16228321011,37,B0FFG2D7FF,Cosnori
2026-10-11,16228317011,60,B0CFLCYLHM,Espoir
2026-10-11,17269961011,1,B0D9VVQSW9,ohora
2026-10-11,17269961011,5,B09VLCKCHC,ohora
2026-10-11,17269961011,7,B0BKRKMZ22,ohora
2026-10-11,17269961011,8,B0FN3YW7J6,ohora
2026-10-11,17269961011,9,B0FK4YLSLK,ohora
2026-10-11,17269961011,11,B0BKRKZVKC,ohora
2026-10-11,17269961011,17,B09M5BSPWB,ohora
2026-10-11,17269961011,33,B0CBS1QNBJ,ohora
2026-10-11,17269961011,64,B0BKRKCMG2,ohora
2026-10-11,17269961011,67,B09VLBYJSK,ohora
2026-10-11,17269961011,77,B09LLN1FZZ,ohora
2026-10-11,17269961011,99,B0BKRNCNCK,ohora
2026-10-11,17269959011,14,B0HDNZDQDJ,ohora
2026-10-11,17269959011,36,B0HDP8NW1S,ohora
2026-10-11,17269959011,74,B0CMZKZ2DG,ohora
2026-10-11,17269958011,1,B084SDXF56,ohora
2026-10-11,17269958011,6,B09Z9X5BZ3,ohora
2026-10-11,17269958011,10,B084FWPQYG,ohora
2026-10-11,17269958011,13,B0HDMRJ79G,ohora
2026-10-11,17269958011,22,B0H3NGN7QC,ohora
2026-10-11,17269958011,36,B08WLF8TKL,ohora
2026-10-11,17269958011,41,B0H9WBHLN4,ohora
2026-10-11,17269958011,78,B09WRRHBYW,ohora
2026-10-11,17269953011,42,B09M5BSPWB,ohora
2026-10-11,17269953011,75,B08XBCGLYW,ohora
2026-10-11,17269951011,28,B0CLDCF5CT,ohora
2026-10-11,17269951011,37,B0BKPD7DS7,ohora
2026-10-11,21579733011,52,B09WRR43PY,ohora
2026-10-11,21579733011,66,B0HDC5BMBK,ohora
2026-10-11,7792275011,6,B0CC2HZ8WL,d'Alba
2026-10-11,7792275011,30,B0B5DKJ8TS,COSRX
2026-10-11,7792275011,44,B09Z81FRRF,Abib
2026-10-11,7792275011,47,B07GR1JDBT,Klairs
2026-10-11,7792275011,51,B0CM8M8HP8,COSRX
2026-10-11,7792275011,63,B082Q511CV,Physiogel
2026-10-11,7792275011,97,B0GVQCTQ7C,Bioheal Boh
2026-10-11,7792277011,1,B0GVQ6NYR3,medicube
2026-10-11,7792277011,2,B0GKFD9ZQW,Anua
2026-10-11,7792277011,3,B0FQBL8S3K,eqqualberry
2026-10-11,7792277011,8,B0DK8JTL6S,Sungboon Editor
2026-10-11,7792277011,11,B0H75B6Z8J,eqqualberry
2026-10-11,7792277011,13,B0FWCG5SF3,Anua
2026-10-11,7792277011,14,B0CNC4FM93,Dr.Melaxin
2026-10-11,7792277011,19,B0HB9CM2GD,medicube
2026-10-11,7792277011,20,B0HCN99QHN,Sungboon Editor
2026-10-11,7792277011,28,B0HGDZNVVZ,numbuzin
2026-10-11,7792277011,29,B0CNBTDN3W,Dr.Melaxin
2026-10-11,7792277011,55,B0H7W7LKK7,medicube
2026-10-11,7792277011,66,B0H7WG63HK,medicube
2026-10-11,7792277011,88,B09YH62J2D,Isoi
2026-10-11,7792277011,96,B0DLK75C8Q,Dr.Melaxin
2026-10-11,16479981011,1,B0DWFLY18Y,Anua
2026-10-11,16479981011,3,B0DGPSZVW3,medicube
2026-10-11,16479981011,4,B077RTL1HJ,Illiyoon
2026-10-11,16479981011,6,B0DFY92NDB,Centellian24
2026-10-11,16479981011,7,B0FKGJYFC8,Dr.Althea
2026-10-11,16479981011,8,B0D2Z3GGCY,medicube
2026-10-11,16479981011,12,B0BPXT3GBN,medicube
2026-10-11,16479981011,13,B09YDCCJBJ,Aestura
2026-10-11,16479981011,15,B0FS7QVSVC,Centellian24
2026-10-11,16479981011,16,B0D4Y6MNTF,Purito
2026-10-11,16479981011,20,B01LEJ5MSK,COSRX
2026-10-11,16479981011,21,B0DHKSF81K,celimax
2026-10-11,16479981011,25,B0BTPGPK7H,SKIN1004
2026-10-11,16479981011,32,B0GPPRTD32,Dr.Althea
2026-10-11,16479981011,37,B08WJQ3XJD,Beauty of Joseon
2026-10-11,16479981011,43,B0DJ8FQDYL,Centellian24
2026-10-11,16479981011,48,B0CNJ1Z2GL,Laneige
2026-10-11,16479981011,56,B0DKNP4TL6,medicube
2026-10-11,16479981011,58,B0D8HMWWRG,Anua
2026-10-11,16479981011,59,B0FVY91T1Q,Centellian24
2026-10-11,16479981011,64,B091PN6NPT,Etude
2026-10-11,16479981011,67,B0DYNQ393Y,COSRX
2026-10-11,16479981011,70,B072FH17NJ,COSRX
2026-10-11,16479981011,74,B0DCBPWGBS,Anua
2026-10-11,16479981011,78,B0BCK9G74Q,medicube
2026-10-11,16479981011,82,B097PDX6JN,Torriden
2026-10-11,16479981011,96,B0FX7W6QNB,medicube
2026-10-11,16479981011,97,B09GP95FQP,Mixsoon
2026-10-11,15239989011,1,B0FVT77ZLL,Anua
2026-10-11,15239989011,2,B0BFQ9RD5B,d'Alba
2026-10-11,15239989011,3,B0GF86QJK7,BIODANCE
2026-10-11,15239989011,4,B0FYN9CJKC,medicube
2026-10-11,15239989011,6,B0FMWPNKJR,Dr.Althea
2026-10-11,15239989011,12,B0CNJ7FXH4,Laneige
2026-10-11,15239989011,14,B0FP15Q4RK,medicube
2026-10-11,15239989011,15,B09BHSJQHB,Aestura
2026-10-11,15239989011,16,B0HD5TZZR3,d'Alba
2026-10-11,15239989011,21,B0H6H5P4K2,Dr.Althea
2026-10-11,15239989011,28,B0GN8L3VRN,Anua
2026-10-11,15239989011,31,B0G2BSJ684,Haruharu Wonder
2026-10-11,15239989011,34,B0G1YFSPYS,d'Alba
2026-10-11,15239989011,36,B0H4QPP5LB,fwee
2026-10-11,15239989011,38,B0GXF597T7,Anua
2026-10-11,15239989011,50,B0GBTDS343,Anua
2026-10-11,15239989011,51,B0BL3NN8CT,d'Alba
2026-10-11,15239989011,54,B0F3HXJ8Q5,VT
2026-10-11,15239989011,55,B0CQKVC9J4,Jung Saem Mool
2026-10-11,15239989011,61,B0FNWC39SH,COSRX
2026-10-11,15239989011,72,B0FS14HRMY,Dr.Althea
2026-10-11,15239989011,81,B08KQFTDH9,d'Alba
2026-10-11,15239989011,82,B0GKY42L9P,Bioheal Boh
2026-10-11,15239989011,91,B0CJF85J67,Sungboon Editor
2026-10-11,15239989011,92,B0HF888JX5,Klairs
2026-10-11,15239989011,93,B0F9FLMR4W,medicube
2026-10-11,15239989011,96,B0DC68VMXG,Bioheal Boh
2026-10-11,7792527011,10,B0B5DHH6S4,COSRX
2026-10-11,7792527011,74,B07QQDLXV7,Haruharu Wonder
2026-10-11,7730193011,1,B0DYTQ5GYQ,medicube
2026-10-11,7730193011,7,B0BVV8BNYJ,Anua
2026-10-11,7730193011,20,B08FMCMGN6,Round Lab
2026-10-11,7730193011,31,B00FJ2LU2Q,The Face Shop
2026-10-11,7730193011,36,B0FPQNL9K7,Anua
2026-10-11,7730193011,46,B0CMPSYW3M,Anua
2026-10-11,7730193011,51,B0CX2QR1HR,Innisfree
2026-10-11,7730193011,58,B0DRBKTCL1,Beplain
2026-10-11,7730193011,68,B09JBJDFHH,SKIN1004
2026-10-11,7730193011,75,B00AMXG15I,Sulwhasoo
2026-10-11,7730193011,76,B0D9TX8G86,SKIN1004
2026-10-11,7730193011,83,B092PTSDB4,Etude
2026-10-11,7730193011,92,B0B3R661JP,Beauty of Joseon
2026-10-11,7730193011,98,B0CMQ7B68P,Mixsoon
2026-10-11,7730193011,99,B0CX2MJ6M2,Innisfree
2026-10-11,7792936011,6,B0DFH3MPWL,COSRX
2026-10-11,7792936011,26,B076DDR998,COSRX
2026-10-11,7792936011,71,B0CQHKWQM4,COSRX
2026-10-11,7792936011,77,B0CKSYB7HF,Mediheal
2026-10-11,7792936011,80,B0B15P2GZY,VT
2026-10-11,7792936011,98,B084L1KTFB,COSRX
2026-10-11,7792528011,1,B0DBF65JYY,medicube
2026-10-11,7792528011,2,B0DG1DQ2S7,Anua
2026-10-11,7792528011,3,B0DK4Y2YP3,celimax
2026-10-11,7792528011,4,B0GCC2JV65,medicube
2026-10-11,7792528011,6,B0D16L5F2M,medicube
2026-10-11,7792528011,7,B0FGQ3J31K,eqqualberry
2026-10-11,7792528011,9,B0DG4WXBCF,Meditherapy
2026-10-11,7792528011,10,B00PBX3L7K,COSRX
2026-10-11,7792528011,11,B0CLLV2T1P,Anua
2026-10-11,7792528011,13,B0D8W1YVBX,eqqualberry
2026-10-11,7792528011,14,B0CCJ3SRB9,COSRX
2026-10-11,7792528011,16,B06Y15D1LH,SKIN1004
2026-10-11,7792528011,19,B07WZ2YTDP,Torriden
2026-10-11,7792528011,21,B0D8W2W8C2,eqqualberry
2026-10-11,7792528011,25,B0DLB58CWR,Anua
2026-10-11,7792528011,28,B0GS1DYZHG,Sungboon Editor
2026-10-11,7792528011,29,B0C2TQ24VY,VT
2026-10-11,7792528011,30,B0DLKGLBPG,numbuzin
2026-10-11,7792528011,35,B0CRDQPLCM,Sungboon Editor
2026-10-11,7792528011,37,B08BZCY3Y1,Rejuran
2026-10-11,7792528011,38,B07NNVZNQR,iUNIK
2026-10-11,7792528011,39,B0FT7TKN36,medicube
2026-10-11,7792528011,43,B0H3KJ25GN,medicube
2026-10-11,7792528011,44,B0GV2J43Q9,SKIN1004
2026-10-11,7792528011,46,B09DLFCB69,Beauty of Joseon
2026-10-11,7792528011,52,B0FR4QYNK5,medicube
2026-10-11,7792528011,53,B0FKSM8L9H,BIODANCE
2026-10-11,7792528011,55,B0FG7VLJKG,medicube
2026-10-11,7792528011,56,B0D54G6811,Anua
2026-10-11,7792528011,60,B0FPFDSC7X,medicube
2026-10-11,7792528011,64,B0FG38CL5H,d'Alba
2026-10-11,7792528011,65,B0F8LBX37X,Beauty of Joseon
2026-10-11,7792528011,66,B085VWWJJT,medicube
2026-10-11,7792528011,71,B0D9W15N21,Dr.Melaxin
2026-10-11,7792528011,72,B0DGLCRZZ3,Dr.Althea
2026-10-11,7792528011,85,B0GWLKCFSM,Purito
2026-10-11,7792528011,86,B0CRKPZ9PQ,VT
2026-10-11,7792528011,88,B0FM23ZR4H,Jumiso
2026-10-11,7792528011,89,B0H4G5TBGM,BIODANCE
2026-10-11,7792528011,90,B0GMPMZB3G,Abib
2026-10-11,7792528011,91,B0GGGCV238,Goodal
2026-10-11,7792528011,94,B08ZXVVY8M,Mixsoon
2026-10-11,7792528011,98,B0C61FD7P9,numbuzin
2026-10-11,7792926011,2,B0DJPB7H94,Dr.Melaxin
2026-10-11,7792926011,6,B0FPC99SSJ,medicube
2026-10-11,7792926011,7,B08ZN13FNL,ma:nyo
2026-10-11,7792926011,14,B0G11YSHWN,medicube
2026-10-11,7792926011,18,B09KH1NN7B,Beauty of Joseon
2026-10-11,7792926011,23,B0BRR9S1NN,Dr.G
2026-10-11,7792926011,24,B07MG4J44D,celimax
2026-10-11,7792926011,32,B0B565BHXK,Aprilskin
2026-10-11,7792926011,33,B0FT3K7B2Y,Centellian24
2026-10-11,7792926011,34,B0FSKDKKL4,Dr.Melaxin
2026-10-11,7792926011,35,B0FWR99WNV,Mediheal
2026-10-11,7792926011,42,B0GF84FPXV,Dr.Melaxin
2026-10-11,7792926011,43,B08RYC42CZ,Aprilskin
2026-10-11,7792926011,48,B0BVVJYVBK,Anua
2026-10-11,7792926011,51,B0CGJBNV5C,celimax
2026-10-11,7792926011,58,B0GL83PTCL,I'm From
2026-10-11,7792926011,61,B0H6ZGQQL2,celimax
2026-10-11,7792926011,62,B0FSK9F16B,Dr.Melaxin
2026-10-11,7792926011,63,B0GWL13NZD,COSRX
2026-10-11,7792926011,65,B09218CPVB,COSRX
2026-10-11,7792926011,67,B0GXXQHBLR,MISSHA
2026-10-11,7792926011,68,B019RTEKO6,Neogen
2026-10-11,7792926011,69,B0GFD2P92J,medicube
2026-10-11,7792926011,81,B0CJ92P643,COSRX
2026-10-11,7792926011,90,B0GGDV24DX,medicube
2026-10-11,19171614011,79,B0G12V3QBN,ohora
2026-10-11,19171615011,73,B09S374DV7,Cosnori
2026-10-11,15239990011,11,B0G4J6DH4W,Anua
2026-10-11,15239990011,40,B0BZ3Q4ZD9,Haruharu Wonder
2026-10-11,15239990011,74,B0H7J2698N,Dr.Althea
2026-10-11,15239990011,89,B0BG96C9KG,belif
2026-10-11,15239990011,91,B0GXB74B61,Tocobo
2026-10-11,15239990011,92,B0H9C6FDG4,medicube
2026-10-11,7792567011,2,B0FXH5LHN8,SKIN1004
2026-10-11,7792567011,5,B0DKJ3BX2F,d'Alba
2026-10-11,7792567011,7,B0FPQGLYK9,medicube
2026-10-11,7792567011,9,B0C45CK57M,Abib
2026-10-11,7792567011,11,B0DWSL3ZBQ,Anua
2026-10-11,7792567011,13,B0H7WYBCQJ,Beauty of Joseon
2026-10-11,7792567011,15,B0DJGWH3TC,Round Lab
2026-10-11,7792567011,20,B0GR23K9GY,Innisfree
2026-10-11,7792567011,24,B09ZY7468X,COSRX
2026-10-11,7792567011,35,B0GPPMKQWG,Tocobo
2026-10-11,7792567011,51,B0GWFQZTQD,Innisfree
2026-10-11,7792567011,53,B0DK4MXPMD,Round Lab
2026-10-11,7792567011,64,B0C7B55GS3,Isntree
2026-10-11,7792567011,68,B0H86VC62C,Beauty of Joseon
2026-10-11,7792567011,70,B0F2HL5XPT,Round Lab
2026-10-11,7792567011,71,B0CVQR5BSK,Innisfree
2026-10-11,7792567011,73,B0GY14XSSW,celimax
2026-10-11,7792567011,74,B0H4TLVRBG,Purito
2026-10-11,7792567011,80,B0DNS7RJHX,d'Alba
2026-10-11,7792567011,89,B0G41KJ6TT,Haruharu Wonder
2026-10-11,7792567011,93,B0G7SVS6YV,Mixsoon
2026-10-11,7792567011,94,B0FLXTFPY1,Anua
2026-10-11,7792567011,96,B0FCDSZ3JH,Anua
2026-10-11,7792497011,29,B0CZ8THK76,Aprilskin
2026-10-11,7792497011,100,B08YDSJQXS,Aprilskin
